StationID,FacilityID,Block,Remark,geometry
S233000630,FAC2330500556,1.0,,POINT Z (305070.7224956024 4123828.0029679504 32.994)
S233001130,,,,POINT Z (304648.7398968066 4125280.6221458134 30.928)
S233001140,FAC2330500550,1.0,,POINT Z (304694.7191385766 4125279.300153641 30.928)
S233001210,FAC2330400453,1.0,,POINT Z (307076.0739527521 4118936.0709886667 64.8498904950966)
S233001220,,,,POINT Z (307154.64703232894 4118997.9236428672 59.36782037284228)
S233001230,FAC2330500948,1.0,,POINT Z (307226.09049739543 4119054.1576033 55.017516954190114)
S233001240,FAC2330501699,1.0,,POINT Z (306841.307599634 4118969.907074624 69.38065288042901)
S233001250,,,,POINT Z (306783.4734719539 4119028.399267226 61.639102358363544)
S233001260,,,,POINT Z (306820.52679272427 4119121.2607218055 56.64807235120059)
S233001270,,,,POINT Z (307212.6301196635 4119050.9946755436 55.63187353192963)
S233001280,,,,POINT Z (307151.3048174634 4119002.630146982 59.35628051216516)
S233001290,,,,POINT Z (307055.4992241787 4118927.267800607 66.43573321585058)
S233001300,,,,POINT Z (306772.99520550185 4119011.010696427 62.971581786823855)
S233001310,FAC2330400011,1.0,,POINT Z (307384.2951066276 4118945.62190022 57.27911695419016)
S233001320,FAC2330400012,1.0,,POINT Z (307267.6929573679 4119083.0270546395 54.31291695419009)
S233001330,FAC2330400012,1.0,,POINT Z (307235.3848274122 4119123.9987183823 53.42396991992418)
S233001340,,,,POINT Z (307320.2226641998 4119355.150245096 59.97292549596575)
S233001350,,,,POINT Z (307308.1171449733 4119370.536962355 59.89214089708539)
S233001360,,,,POINT Z (307221.36390834436 4119480.761601209 59.030419798283276)
S233001370,,,,POINT Z (307186.9211515981 4119523.6318059447 57.943316954190095)
S233001380,,,,POINT Z (307097.1741018535 4119637.5217014304 53.888742000122036)
S233001390,,,,POINT Z (307035.33933086885 4119716.108766965 50.95249045231772)
S233001400,,,,POINT Z (306973.5229816536 4119794.7122249436 47.59380884667457)
S233001410,,,,POINT Z (306974.49832775805 4119784.110212061 47.89146223249066)
S233001420,,,,POINT Z (307036.30332050467 4119705.4982414525 51.23940111712151)
S233001430,,,,POINT Z (307098.1782852752 4119626.9440159644 54.15230041079632)
S233001440,,,,POINT Z (307187.9841674943 4119512.8077928573 58.167916954190105)
S233001450,,,,POINT Z (307222.32679098536 4119470.158416816 59.10893042615369)
S233001460,FAC2330500515,0.0,,POINT Z (307302.7311782731 4119367.957789347 59.90289140893554)
S233001470,FAC2330500515,0.0,,POINT Z (307316.6497885642 4119350.2857192196 60.0177326327384)
S233001480,,,,POINT Z (307219.205343776 4119123.265556425 53.20251695419029)
S233001490,FAC2330500948,1.0,,POINT Z (307287.9915652953 4119036.2737900494 54.86579183090401)
S233001500,FAC2330500041,0.0,,POINT Z (306693.0848364668 4119726.9082075334 44.97401695419012)
S233001510,,,,POINT Z (306640.7425363308 4119799.288752588 46.43194162882549)
S233001520,FAC2330500041,1.0,,POINT Z (306734.48727536586 4119821.0830073357 41.692104295750326)
S233001530,,,,POINT Z (306704.8160942419 4119871.8618803658 41.71211695419015)
S233001540,,,,POINT Z (306674.14680473565 4119625.3684998876 47.02058528880011)
S233001550,,,,POINT Z (306632.859955023 4119803.9272985784 46.09996971985155)
S233001560,,,,POINT Z (306691.9261940058 4119723.587095394 44.84397307133038)
S233001570,FAC2330501706,1.0,,POINT Z (306552.61810795334 4119905.85984289 43.4324169541901)
S233001580,FAC2330501706,1.0,,POINT Z (306530.63584232086 4119937.838229123 42.703316954190086)
S233001590,,,,POINT Z (306708.0517660071 4119862.9697247064 41.70996359273951)
S233001600,,,,POINT Z (306644.6822996036 4119947.263428937 41.06716512278827)
S233001610,,,,POINT Z (306606.393045169 4120002.2918693456 40.24103157366086)
S233001620,,,,POINT Z (306707.3676140871 4119977.197893856 39.28065110459533)
S233001630,,,,POINT Z (306660.0596678669 4120065.3382277163 37.68022608254598)
S233001640,FAC2330501507,1.0,,POINT Z (306575.175587227 4120033.318953993 39.976334829464044)
S233001650,,,,POINT Z (306471.429078643 4119890.5395294097 46.12091300032343)
S233001660,,,,POINT Z (306617.61628913094 4119637.3664562013 49.63279149568485)
S233001670,,,,POINT Z (306956.0283266029 4119178.526782349 56.45900606108326)
S233001680,,,,POINT Z (307081.2239209422 4119023.227908505 59.8454488463244)
S233001690,FAC2330400453,0.0,,POINT Z (307229.85291717714 4118904.309466685 60.999804881813624)
S233001700,,,,POINT Z (306531.6081440403 4119931.1957919984 42.77851695419008)
S233001710,,,,POINT Z (306548.5750799995 4119906.544840001 43.351716954190124)
S233001720,FAC2330501706,0.0,,POINT Z (306611.0751334268 4119990.2992703444 40.4075698687908)
S233001730,FAC2330501706,0.0,,POINT Z (306646.91295637115 4119939.4430559394 41.18601695419011)
S233001740,,,,POINT Z (307238.9106649974 4118914.015833884 60.47178701437219)
S233001750,FAC2330200017,0.0,,POINT Z (307088.63030510995 4119024.0774312583 59.89115960755508)
S233001760,,,,POINT Z (306623.91802882333 4119637.689956906 49.58844489141512)
S233001770,,,,POINT Z (306476.0355707633 4119889.16443236 46.25109470975972)
S233001780,,,,POINT Z (306708.0819381334 4119969.573405997 39.402794247468265)
S233001790,,,,POINT Z (306709.5752056291 4119663.0545240073 43.89494766212068)
S233001800,,,,POINT Z (306584.54026150046 4119827.9225676097 45.95400591094058)
S233001810,FAC2330500675,1.0,,POINT Z (306631.1644372322 4119182.36891321 71.51739316806781)
S233001820,,,,POINT Z (306660.72045599564 4120057.6478879633 37.73762909650621)
S233001830,FAC2330501000,1.0,,POINT Z (306845.9698804077 4119341.4613195504 50.66188472681077)
S233001840,FAC2330100711,0.0,,POINT Z (307048.1595124671 4119499.7476092 48.55301695419007)
S233001850,,,,POINT Z (307107.3739249483 4119546.1875874335 53.1971664189706)
S233001860,,,,POINT Z (307108.0333428177 4119555.0432720548 53.53821695419015)
S233001870,,,,POINT Z (307045.60974673997 4119505.978329269 48.64487833246063)
S233001880,FAC2330500647,1.0,,POINT Z (306888.213164838 4119382.8199521382 48.87539408697386)
S233001890,FAC2330501703,1.0,,POINT Z (306982.6244456479 4119001.6903303214 64.02337362539075)
S233001900,FAC2330501699,1.0,,POINT Z (306962.8218478756 4119000.940426264 65.0877573706177)
S233001910,FAC2330501699,1.0,,POINT Z (306906.1169999996 4118964.7479999997 69.04801695419019)
S233001920,,,,POINT Z (306650.26299934095 4119380.979507256 -1.7976931348623157e+308)
S233001930,,,,POINT Z (306652.0059233193 4119378.7085176976 51.152)
S233001940,FAC2330500173,1.0,,POINT Z (306598.7343959593 4119170.3830237193 74.95267062385786)
S233001950,FAC2330100724,1.0,,POINT Z (307487.9756753935 4119451.0418830756 72.23417941731215)
S233001960,FAC2330500173,1.0,,POINT Z (306652.6302596169 4119197.6415731683 68.91300760555104)
S233001970,,,,POINT Z (307364.2041676127 4119608.1395779504 70.05061515456755)
S233001980,FAC2330400794,1.0,,POINT Z (307241.64180336514 4119766.1487826915 69.67011741756322)
S233001990,FAC2330400794,0.0,,POINT Z (307181.44936625625 4119845.8854301567 68.18291478018969)
S233002000,,,,POINT Z (307180.9717636141 4119942.243870149 64.68884078580093)
S233002010,,,,POINT Z (307252.06378531654 4120011.167871031 63.84258245904044)
S233002020,FAC2330200041,0.0,,POINT Z (307266.8348662405 4120030.125494329 64.10357567761855)
S233002030,,,,POINT Z (307180.73793292843 4119953.6959024216 64.35791695419016)
S233002040,,,,POINT Z (307166.0717162246 4119872.6738414187 67.1578207917764)
S233002050,,,,POINT Z (307217.01906881266 4119787.9981665793 69.69990071152586)
S233002060,,,,POINT Z (307278.8682147305 4119709.419277261 68.46819458719558)
S233002070,,,,POINT Z (307381.8800875009 4119578.632890053 70.98101695419018)
S233002080,,,,POINT Z (307465.61520205124 4119474.6887311116 72.23215044107583)
S233002090,FAC2330400806,1.0,,POINT Z (307759.6817437709 4120295.4982782616 61.87992160796238)
S233002100,FAC2330502589,1.0,,POINT Z (307888.18397874484 4120301.722004743 71.05211695419007)
S233002110,FAC2330502589,1.0,,POINT Z (307952.53708181554 4120274.3789149374 76.06963678943582)
S233002120,,,,POINT Z (308018.6308308932 4120200.7815795303 80.7025092522345)
S233002130,,,,POINT Z (308076.2027212366 4120009.5080153765 75.1883452612736)
S233002140,FAC2330502245,1.0,,POINT Z (307552.99848689203 4120176.5940809464 57.08586692169284)
S233002150,,,,POINT Z (307565.01649541646 4120094.2090647956 61.3656650985949)
S233002160,FAC2330502246,1.0,,POINT Z (307584.4329865764 4119956.483688219 68.59395621434206)
S233002170,FAC2330502246,1.0,,POINT Z (307588.08832164167 4119927.2454945818 70.07677448267198)
S233002180,,,,POINT Z (307603.0149144803 4119796.6650007176 74.59530943309358)
S233002190,,,,POINT Z (307584.9071657436 4119699.364572552 77.57574505663956)
S233002200,,,,POINT Z (307515.5415051818 4119615.1863933443 79.18851695419016)
S233002210,,,,POINT Z (307444.98637748614 4119559.958426109 75.07284541306906)
S233002220,,,,POINT Z (307538.4793824394 4119886.142045999 76.82561695419008)
S233002230,,,,POINT Z (307647.1662615675 4119898.9761780817 66.43473319268814)
S233002240,FAC2330500514,1.0,,POINT Z (307707.73454173614 4119906.1069459748 60.752616954190216)
S233002250,FAC2330502341,1.0,,POINT Z (307845.9921789943 4119920.2809852506 63.669833699721266)
S233002260,FAC2330502341,1.0,,POINT Z (307916.95125515305 4119928.6230299375 66.82711695419016)
S233002270,,,,POINT Z (308044.61475949065 4119943.605142584 72.54440269220356)
S233002280,,,,POINT Z (308060.5377359674 4119951.3569963593 73.28174381807554)
S233002290,FAC2330502374,1.0,,POINT Z (307916.32769243786 4119934.486963196 66.84041695419023)
S233002300,FAC2330400812,1.0,,POINT Z (307861.8982434164 4119928.07149661 64.42085722441387)
S233002310,FAC2330400802,1.0,,POINT Z (307663.06931920553 4119906.7394669107 64.76908105529903)
S233002320,FAC2330502246,0.0,,POINT Z (307538.2927149691 4119891.95296774 76.74571695419013)
S233002330,,,,POINT Z (308030.2737188603 4119978.730522214 72.55175107836125)
S233002340,,,,POINT Z (307978.8724993719 4119990.1712023127 71.08480961025599)
S233002350,,,,POINT Z (308044.6465032067 4120042.08878178 76.25626155787216)
S233002360,,,,POINT Z (308037.8700896337 4119991.4327918366 73.41392241435936)
S233002370,,,,POINT Z (308007.3246396517 4120034.934038338 74.0409669644747)
S233002380,FAC2330400812,1.0,,POINT Z (307983.78742864885 4119961.0027624196 70.52951695894296)
S233002390,,,,POINT Z (307358.2364731957 4120094.459213214 63.752485806499)
S233002400,FAC2330400444,1.0,,POINT Z (307437.40933042695 4120155.512853884 59.646395803509996)
S233002410,FAC2330502245,1.0,,POINT Z (307512.3889268147 4120194.726971728 56.0398169541902)
S233002420,FAC2330100724,1.0,,POINT Z (307450.01316425554 4119556.492267362 75.3038508543456)
S233002430,,,,POINT Z (307519.3948618156 4119610.8648923277 79.20241695419008)
S233002440,,,,POINT Z (307589.8708170802 4119696.0765664154 77.61231918382077)
S233002450,,,,POINT Z (307607.5357976764 4119793.461757811 74.77067488485932)
S233002460,FAC2330502586,0.0,,POINT Z (307599.98001388006 4119864.8978894907 72.6584669453156)
S233002470,FAC2330400802,1.0,,POINT Z (307588.10899615975 4119974.286030839 67.75431695426387)
S233002480,,,,POINT Z (307569.68663507584 4120090.882801743 61.58787359676794)
S233002490,FAC2330400803,1.0,,POINT Z (307560.34296534705 4120168.5282130325 57.505416954190196)
S233002500,FAC2330200042,1.0,,POINT Z (307537.34797318437 4120304.859669775 55.241616956076086)
S233002510,FAC2330502349,1.0,,POINT Z (307500.1278338984 4120196.149054131 56.421811186774185)
S233002520,FAC2330502349,1.0,,POINT Z (307437.11697711854 4120162.397984746 59.51016694342144)
S233002530,,,,POINT Z (307341.6759318724 4120088.926446368 64.21386694885564)
S233002540,,,,POINT Z (308067.02063115424 4120076.6716480986 77.98211228861778)
S233002550,,,,POINT Z (308039.9861848256 4120172.9421495507 80.95215349644208)
S233002560,,,,POINT Z (307988.1642202371 4120257.2718423163 78.55413970065882)
S233002570,FAC2330502590,1.0,,POINT Z (307902.85082709894 4120307.4431988737 71.93221067930085)
S233002580,FAC2330502590,1.0,,POINT Z (307825.1135846245 4120314.852960112 66.5407169541902)
S233002590,,,,POINT Z (307189.6412663169 4119602.3085293244 59.3855547516393)
S233002600,,,,POINT Z (307287.3533135662 4119622.965982542 65.66561910873489)
S233002610,,,,POINT Z (307378.93931426475 4119659.5868524048 71.66661604587249)
S233002620,,,,POINT Z (307506.04305121663 4119817.0608640304 78.53301695476739)
S233002630,FAC2330502246,0.0,,POINT Z (307493.79291845195 4119916.4232270317 78.3663169541901)
S233002640,,,,POINT Z (307467.84513922856 4119973.2597941835 76.04261695419018)
S233002650,,,,POINT Z (307352.6036883793 4120047.5541277733 67.35071695419015)
S233002660,,,,POINT Z (307303.40780136344 4120075.1771766925 64.14341695419012)
S233002670,,,,POINT Z (307346.45808559365 4120040.0239648847 67.16151695419012)
S233002680,,,,POINT Z (307415.0918752057 4120011.184861511 72.1119658398782)
S233002690,,,,POINT Z (307479.4031481144 4119937.4835958267 77.66788525098193)
S233002700,,,,POINT Z (307501.8301644134 4119840.8342964975 78.77931006092909)
S233002710,,,,POINT Z (307470.1001777744 4119747.581976085 77.47559459770115)
S233002720,,,,POINT Z (307395.9410733201 4119681.0609484795 73.24552089473079)
S233002730,,,,POINT Z (307210.9523159144 4119615.3467665007 60.91180897130076)
S233002740,,,,POINT Z (306939.7959532458 4120703.28852453 39.85014730692503)
S233002750,,,,POINT Z (306892.7909046809 4120791.026944597 46.035557440464366)
S233002760,,,,POINT Z (306811.28013036394 4120847.820830699 51.814088490974406)
S233002770,,,,POINT Z (306723.7280329421 4120896.1374332085 53.77242198103851)
S233002780,,,,POINT Z (306583.1028694606 4121021.746186282 44.18604060245371)
S233002790,,,,POINT Z (306574.5121673705 4121017.878744291 44.14395493796641)
S233002800,,,,POINT Z (306608.4281780538 4120969.4417065154 47.611313353483446)
S233002810,,,,POINT Z (306684.91167168505 4120906.8656123653 52.86396516661417)
S233002820,,,,POINT Z (306772.4639760708 4120858.548744958 53.487683556704766)
S233002830,,,,POINT Z (306859.3071449903 4120809.0725473766 48.086676645354586)
S233002840,FAC2330100720,1.0,,POINT Z (306917.9867094785 4120729.8483791673 41.78265040525787)
S233002960,,,,POINT Z (306507.23612386396 4120186.2030429724 38.746116954190256)
S233002970,,,,POINT Z (306597.94240944914 4120215.8269687756 38.32855599561729)
S233002980,,,,POINT Z (306701.16764267505 4120276.135533236 38.73130193228606)
S233002990,,,,POINT Z (306765.2542089153 4120352.8830774766 39.05349290244072)
S233003000,,,,POINT Z (306838.73168533307 4120432.246658751 39.33176695419013)
S233003010,,,,POINT Z (307065.7022276643 4120596.6641608435 40.68121695419018)
S233003040,FAC2330400305,1.0,,POINT Z (307051.614886531 4120590.201918828 40.623416954190134)
S233003050,,,,POINT Z (306869.3940850386 4120462.1569786314 39.45162277408043)
S233003060,FAC2330400809,1.0,,POINT Z (306795.062288679 4120395.8774495493 39.17547652977701)
S233003070,,,,POINT Z (306732.5938808853 4120317.872646634 38.91667444755908)
S233003080,FAC2330400811,1.0,,POINT Z (306661.2615197473 4120249.013221654 38.58487351009949)
S233003090,FAC2330400811,1.0,,POINT Z (306569.187082779 4120210.575142942 38.25695668367283)
S233003120,FAC2330502270,1.0,,POINT Z (306283.6449999993 4120825.3249999997 37.58401695419025)
S233003130,,,,POINT Z (306374.3190085412 4120904.0933821267 39.307731171998796)
S233003140,FAC2330100680,1.0,,POINT Z (306369.0630124385 4120910.056297047 39.34248520396236)
S233003150,,,,POINT Z (306317.2180000006 4120865.5020000003 38.28001695419016)
S233003160,FAC2330502274,0.0,,POINT Z (306241.995 4120801.717 37.121)
S233003170,FAC2330502270,1.0,,POINT Z (306236.32 4120783.949 36.991)
S233003180,FAC2330200024,1.0,,POINT Z (307670.5239816336 4120489.842510139 62.82411695419023)
S233003190,FAC2330400309,1.0,,POINT Z (307461.4120930921 4120879.7447968344 45.96361695419023)
S233003200,FAC2330400306,1.0,,POINT Z (307492.1725817104 4120789.0658267876 46.5748862517461)
S233003210,,,,POINT Z (307501.80146753753 4120589.4524041833 55.428210559387686)
S233003220,,,,POINT Z (307514.0559915642 4120475.2841755697 56.333716954190095)
S233003230,,,,POINT Z (307509.00815934484 4120586.391906619 55.53781638749159)
S233003240,FAC2330400813,1.0,,POINT Z (307499.32722062664 4120786.0482085054 46.58431611436592)
S233003250,FAC2330500047,1.0,,POINT Z (307466.76413774287 4120879.9955170997 45.96795924341608)
S233003260,FAC2330200019,1.0,,POINT Z (307559.5306750953 4120370.8280909685 56.605358429354)
S233003270,FAC2330200024,1.0,,POINT Z (307615.60074305395 4120424.437063497 59.12860548080391)
S233003280,FAC2330502834,1.0,,POINT Z (307606.8603871552 4120624.222787103 56.680077835400056)
S233003290,,,,POINT Z (307466.4974114164 4120509.2994150347 54.98611978915201)
S233003300,FAC2330200024,0.0,,POINT Z (307566.4037141104 4120513.545652503 58.5596794915452)
S233003310,,,,POINT Z (306937.3423536148 4119998.0237344485 47.46760841846839)
S233003320,,,,POINT Z (307029.6150279623 4120024.982238941 51.173641185034114)
S233003330,,,,POINT Z (307060.89236694836 4120117.1903732023 56.49418036743588)
S233003340,FAC2330400810,1.0,,POINT Z (307200.7627495103 4120353.5454352065 52.02150978751869)
S233003350,FAC2330400805,1.0,,POINT Z (307278.4392948205 4120416.4514573263 50.68148335614991)
S233003360,,,,POINT Z (307326.9270308945 4120604.0473623103 48.98309975242518)
S233003370,,,,POINT Z (307400.92049253685 4120664.189247651 50.214788779396564)
S233003380,FAC2330502834,1.0,,POINT Z (307600.5761285023 4120675.1816599 55.21350859875657)
S233003390,,,,POINT Z (307393.99734984594 4120556.2975787465 52.12120194908719)
S233003400,,,,POINT Z (307435.44360098336 4120621.770123731 52.609390137816334)
S233003410,,,,POINT Z (307557.2772531539 4120627.3514424693 55.041900337648975)
S233003420,,,,POINT Z (307602.9416485272 4120566.8203760213 58.845375747978835)
S233003430,,,,POINT Z (307607.1171492885 4120466.908554541 59.57480485537361)
S233003440,,,,POINT Z (307593.04372433724 4120380.233452306 58.00985751009782)
S233003450,FAC2330502835,0.0,,POINT Z (307994.6072711112 4120606.2037952696 62.28088279956824)
S233003460,,,,POINT Z (307923.50096451014 4120675.9988912977 59.68678105112676)
S233003470,FAC2330400852,1.0,,POINT Z (307826.86712513096 4120693.0045299614 58.706060260261935)
S233003480,FAC2330400852,1.0,,POINT Z (307726.96592057036 4120688.6043429193 57.63831651152013)
S233003490,,,,POINT Z (307449.9605901893 4120629.1383028203 52.76603122494761)
S233003500,,,,POINT Z (307386.23664781655 4120581.448075371 52.21396953985031)
S233003510,,,,POINT Z (307606.7617912259 4120680.8342739926 55.51842677173879)
S233003520,,,,POINT Z (307407.15855735145 4120669.380780449 50.34085172612476)
S233003530,,,,POINT Z (307327.4849608094 4120616.286995566 49.16437634542091)
S233003540,,,,POINT Z (307281.8136408018 4120426.899657085 50.60102340706301)
S233003550,,,,POINT Z (307205.3527293585 4120362.675274472 51.897365260748266)
S233003560,,,,POINT Z (307055.9372189158 4120130.262778222 56.832444984099226)
S233003570,,,,POINT Z (307031.1850971579 4120036.206701098 51.7394815114666)
S233003580,,,,POINT Z (306941.84864111536 4120004.005153201 47.55418695110859)
S233003590,FAC2330502834,0.0,,POINT Z (307731.26613613626 4120682.094539072 57.65087157669197)
S233003600,,,,POINT Z (307831.16423747473 4120686.6036649393 58.69609661939085)
S233003610,,,,POINT Z (307926.74392051634 4120666.123608192 59.750328338134615)
S233003620,,,,POINT Z (308002.79953583097 4120587.5254611727 63.08144405006544)
S233003630,FAC2330400852,1.0,,POINT Z (307677.4450080198 4120781.351813225 58.16411695419015)
S233003640,FAC2330502584,1.0,,POINT Z (307674.92125397554 4120842.3761216043 58.84933740716186)
S233003650,,,,POINT Z (307670.7187959184 4120942.287676455 56.27064613756277)
S233003660,FAC2330300012,1.0,,POINT Z (307661.3859996589 4121174.2710082526 48.188116954190264)
S233003670,FAC2330200025,1.0,,POINT Z (307658.43571470614 4121242.0263600186 45.420933927428415)
S233003680,FAC2330400306,1.0,,POINT Z (307460.7843868212 4120756.2990774545 44.792231536405296)
S233003690,FAC2330400306,1.0,,POINT Z (307400.81656127475 4120793.3332013404 42.463922485778696)
S233003700,,,,POINT Z (307401.8321021047 4120830.3963267547 42.88379639937598)
S233003710,,,,POINT Z (307418.9901167619 4120752.333011003 43.04184861957392)
S233003720,FAC2330400307,1.0,,POINT Z (307450.2184281355 4120815.7918831287 43.98298826715302)
S233003730,,,,POINT Z (307435.0237990868 4120818.0586275323 43.132845183022006)
S233003740,FAC2330501707,0.0,,POINT Z (307631.92904059007 4121303.485385186 45.26831695419014)
S233003750,,,,POINT Z (307635.3448141342 4121189.088697115 47.42525487930492)
S233003760,FAC2330502585,1.0,,POINT Z (307643.7270507844 4120989.2884678845 54.08251165281239)
S233003770,FAC2330502585,1.0,,POINT Z (307647.9043895771 4120889.3758630166 58.27965985346993)
S233003780,,,,POINT Z (307652.03238215536 4120789.461151119 58.208755670500565)
S233003790,,,,POINT Z (307676.8352164346 4120631.3137373645 58.19246967493407)
S233003800,,,,POINT Z (307671.51897520927 4120731.1665949775 57.40085143655212)
S233003810,,,,POINT Z (307667.10389177076 4120831.0675108754 54.71534120595363)
S233003820,,,,POINT Z (307663.0582348076 4120930.984681164 49.773147192401005)
S233003830,,,,POINT Z (307654.7544885511 4121130.8080770858 43.6772969802238)
S233003840,,,,POINT Z (307650.77760565537 4121230.7278902694 45.29361311791265)
S233003850,,,,POINT Z (307636.7712812053 4121326.4628932867 45.48761241919324)
S233003860,,,,POINT Z (307642.03628698614 4121226.6226556636 45.265376358085526)
S233003870,,,,POINT Z (307646.1029457719 4121126.7059913464 43.67569507273548)
S233003880,,,,POINT Z (307654.2836949045 4120926.874292862 49.94432512833717)
S233003890,,,,POINT Z (307658.3584593491 4120826.9581276174 54.88805967491964)
S233003900,,,,POINT Z (307662.68053134874 4120727.0524988696 57.40915788763463)
S233003910,,,,POINT Z (307665.96676799585 4120627.111526995 57.980906401571275)
S233003920,,,,POINT Z (308070.066741796 4120575.7905920655 -1.7976931348623157e+308)
S233003930,FAC2330502835,1.0,,POINT Z (308069.75705027534 4120572.847427618 -1.7976931348623157e+308)
S233003940,FAC2330400852,0.0,,POINT Z (307681.87007275625 4120642.5249268073 57.47640412053894)
S233003950,FAC2330300013,1.0,,POINT Z (307647.2298497508 4121330.6419820334 45.59971306650525)
S233003960,,,,POINT Z (306375.35586649575 4120879.524375113 -1.7976931348623157e+308)
S233003970,,,,POINT Z (306372.1982372103 4120868.847920216 -1.7976931348623157e+308)
S233003980,,,,POINT Z (306343.9695565841 4120834.0694246464 -1.7976931348623157e+308)
S233003990,,,,POINT Z (306335.6036901805 4120818.655553375 -1.7976931348623157e+308)
S233004000,FAC2330502270,1.0,,POINT Z (306272.58994977886 4120738.7005491504 -1.7976931348623157e+308)
S233004010,,,,POINT Z (306249.1282589352 4120700.0825289534 38.11635742008816)
S233004020,,,,POINT Z (306613.4800774429 4120975.758896901 47.25965545860753)
S233004030,,,,POINT Z (307639.443078086 4121089.174400384 51.76960530519544)
S233004050,,,,POINT Z (307150.5141359417 4118945.526422882 61.33401036585045)
S233004060,FAC2330501703,1.0,,POINT Z (306916.71 4118959.627 68.71901695419024)
S233004070,FAC2330400808,1.0,,POINT Z (306844.1966018447 4119197.7858910547 54.62684695876662)
S233004080,FAC2330400808,1.0,,POINT Z (306714.6651154853 4119237.0317095234 61.69162968636874)
S233004100,FAC2330200017,1.0,,POINT Z (307063.11475708656 4119137.5488091023 56.663176500001555)
S233004110,,,,POINT Z (307053.0423145612 4119211.0026962333 53.517576500001496)
S233004120,FAC2330200060,1.0,,POINT Z (307013.5137491049 4119198.161510176 54.84697650000135)
S233004130,FAC2330100710,1.0,,POINT Z (307151.9019999999 4119229.981 52.06457650000152)
S233004140,FAC2330100710,1.0,,POINT Z (307111.57070956175 4119281.1832075305 50.32487650000144)
S233004150,FAC2330100711,1.0,,POINT Z (307041.954 4119369.592 48.463976500001536)
S233004160,FAC2330100711,1.0,,POINT Z (307016.386 4119402.067 46.574376500001335)
S233004170,FAC2330500781,1.0,,POINT Z (306916.0611225898 4119529.5193177056 44.667476500001385)
S233004180,,,,POINT Z (306864.12138151954 4119595.453685437 42.81757650000145)
S233004190,,,,POINT Z (306802.2596976786 4119674.022698162 41.30297650000148)
S233004200,FAC2330500041,1.0,,POINT Z (306737.39639818494 4119756.4171985863 41.25807650000138)
S233004210,FAC2330500041,0.0,,POINT Z (306678.53194126696 4119831.1518325857 42.237376500001346)
S233004220,,,,POINT Z (306616.6416877135 4119909.6958902227 42.63217650000138)
S233004230,FAC2330501507,1.0,,POINT Z (306506.388118503 4120089.81262967 40.4595765000015)
S233004240,FAC2330200060,1.0,,POINT Z (307081.86906477966 4119161.875420815 54.56077650000134)
S233004250,FAC2330200060,1.0,,POINT Z (307049.96520761447 4119133.5561625524 58.10927650000144)
S233004260,,,,POINT Z (307061.7350542625 4119242.3593308628 52.01587650000147)
S233004270,,,,POINT Z (306983.09402156423 4119180.6058727526 56.267376500001546)
S233004280,FAC2330200053,1.0,,POINT Z (306447.785562072 4120215.8228185885 38.08167650000155)
S233004290,,,,POINT Z (306486.5170329609 4120104.5794124017 40.90997650000145)
S233004300,FAC2330501706,1.0,,POINT Z (306554.540876651 4119971.5971847116 40.71707650000144)
S233004310,FAC2330501706,1.0,,POINT Z (306580.725 4119934.1725000003 42.14937650000138)
S233004320,,,,POINT Z (306707.202019744 4119773.34091553 41.55497650000143)
S233004330,FAC2330500042,1.0,,POINT Z (306847.7759605325 4119594.8248690437 42.199376500001335)
S233004340,FAC2330500042,1.0,,POINT Z (306892.8087132128 4119537.657210378 44.02787650000141)
S233004350,FAC2330500019,1.0,,POINT Z (307033.226 4119359.358 48.318)
S233004360,,,,POINT Z (307078.430253298 4119301.9863424534 49.724376500001426)
S233004370,,,,POINT Z (307132.4290729077 4119233.4267785805 51.47687650000148)
S233004380,,,,POINT Z (306840.8545111408 4119755.6756857852 41.3934765000015)
S233004390,,,,POINT Z (306880.4077524409 4119786.770805736 44.91047650000155)
S233004400,FAC2330502351,1.0,,POINT Z (306985.4647069507 4119869.212191115 49.69337650000148)
S233004410,FAC2330502351,1.0,,POINT Z (307033.38185400306 4119906.810884423 54.607776500001364)
S233004420,,,,POINT Z (307140.7023713873 4119991.086391829 59.52957650000144)
S233004430,,,,POINT Z (307234.83277964167 4120065.0888257446 63.35307650000141)
S233004440,,,,POINT Z (307332.37434066855 4120141.5448766216 62.87287650000144)
S233004450,FAC2330400444,0.0,,POINT Z (307382.8124464597 4120181.148338771 59.03937650000148)
S233004460,FAC2330502349,1.0,,POINT Z (307434.44796497095 4120216.041804069 55.36837650000143)
S233004470,FAC2330400803,1.0,,POINT Z (307592.498050869 4120268.7190081114 55.32057650000138)
S233004480,FAC2330500440,1.0,,POINT Z (307629.72976299666 4120274.79839958 58.548976500001345)
S233004490,FAC2330100193,0.0,,POINT Z (306929.64826899295 4120500.904187723 39.6121765000014)
S233004500,FAC2330502547,0.0,,POINT Z (306970.15226873633 4120529.2888870286 41.025976500001434)
S233004510,FAC2330200019,1.0,,POINT Z (307606.4942940815 4120280.366936636 56.79457650000154)
S233004520,FAC2330502350,1.0,,POINT Z (307465.48178861575 4120242.363404289 54.73207650000154)
S233004530,FAC2330502350,1.0,,POINT Z (307451.7907333516 4120235.8422289137 57.00417650000145)
S233004540,,,,POINT Z (307338.06044670305 4120157.8874398153 61.04317650000144)
S233004550,FAC2330502581,1.0,,POINT Z (307063.96952564653 4119942.64909464 57.11897650000151)
S233004560,FAC2330502581,1.0,,POINT Z (307058.4324601631 4119938.299468715 52.18407650000154)
S233004570,,,,POINT Z (306866.19463406946 4119787.3967839116 42.65807650000147)
S233004580,FAC2330500048,1.0,,POINT Z (307564.61203575303 4120988.4900781983 49.91827650000141)
S233004590,,,,POINT Z (307473.50563592155 4120933.2982956767 46.461776500001406)
S233004600,,,,POINT Z (307387.9688979326 4120881.5156946126 45.13527650000151)
S233004610,,,,POINT Z (307213.7078427373 4120781.050918019 42.02047650000145)
S233004620,,,,POINT Z (307116.25507480564 4120730.0050391587 40.53397650000147)
S233004630,,,,POINT Z (307040.17534580786 4120690.175396789 39.0849765000014)
S233004640,FAC2330100720,1.0,,POINT Z (306921.21684009564 4120630.1544199283 38.36137650000137)
S233004650,FAC2330500044,1.0,,POINT Z (306882.18566613307 4120610.658867744 37.864976500001376)
S233004660,FAC2330400451,1.0,,POINT Z (306798.5924419958 4120568.792917168 37.19987650000144)
S233004670,FAC2330400446,1.0,,POINT Z (306696.52087983035 4120517.7819398483 36.17577650000135)
S233004680,FAC2330400446,0.0,,POINT Z (306587.02685247554 4120434.93785598 35.34977650000155)
S233004690,FAC2330200015,0.0,,POINT Z (306547.1959961329 4120396.30699623 35.37217650000139)
S233004700,FAC2330200013,1.0,,POINT Z (306473.9013416799 4120325.2815572256 35.06147650000139)
S233004710,FAC2330100723,1.0,,POINT Z (306369.2673262809 4120228.546293272 35.06617650000135)
S233004720,FAC2330200029,1.0,,POINT Z (306336.7548588037 4120199.316877096 35.00637650000135)
S233004740,FAC2330500032,1.0,,POINT Z (306146.1789146064 4120129.4989887844 34.56087650000154)
S233004750,FAC2330400443,0.0,,POINT Z (305991.9733616983 4120109.49448116 34.247976500001414)
S233004760,,,,POINT Z (305926.2277434942 4120100.9249665425 34.12377650000144)
S233004770,FAC2330502032,1.0,,POINT Z (305818.06324054394 4120082.0519341063 33.829376500001445)
S233004780,FAC2330502032,1.0,,POINT Z (305768.44967047294 4120067.640889617 33.41627650000146)
S233004790,FAC2330400013,1.0,,POINT Z (306944.0574529247 4120514.57396685 40.05477650000148)
S233004800,FAC2330502031,1.0,,POINT Z (305815.06973466044 4120071.7093703225 33.580476500001396)
S233004810,FAC2330502031,0.0,,POINT Z (305879.60464002547 4120085.2014437695 34.04307650000146)
S233004820,,,,POINT Z (305967.5070854356 4120096.919011191 34.13497650000136)
S233004830,,,,POINT Z (306097.4788371272 4120113.8153794482 34.40357650000146)
S233004840,,,,POINT Z (306135.8104667537 4120118.839059743 34.7240765000015)
S233004850,FAC2330500033,1.0,,POINT Z (306284.0643803898 4120153.1249405174 34.84987650000153)
S233004860,FAC2330200053,0.0,,POINT Z (306348.1938746843 4120197.043889234 35.04177650000133)
S233004870,FAC2330200051,1.0,,POINT Z (306461.83710621914 4120300.78360299 35.18367650000141)
S233004880,FAC2330500043,1.0,,POINT Z (306795.6068000897 4120556.9688998214 37.48317650000149)
S233004890,FAC2330400013,1.0,,POINT Z (306901.0360563205 4120609.7171877516 38.08247650000135)
S233004900,FAC2330400305,1.0,,POINT Z (307079.33678108134 4120700.300836149 39.6914765000015)
S233004910,,,,POINT Z (307342.9441079961 4120843.3707193034 44.670276500001364)
S233004920,FAC2330500047,1.0,,POINT Z (307523.4613453179 4120952.8486546897 47.68487650000134)
S233004930,FAC2330500047,1.0,,POINT Z (307599.48799327016 4120998.846511479 51.30077650000135)
S233004940,,,,POINT Z (306456.03403823747 4120973.657031341 40.72917650000136)
S233004950,,,,POINT Z (306528.7277619644 4121031.145679926 42.25157650000142)
S233004960,FAC2330501707,0.0,,POINT Z (307633.37792127475 4121317.234776682 45.252776500001346)
S233004970,,,,POINT Z (306520.241582274 4121037.403563377 42.49457650000136)
S233004980,FAC2330100680,1.0,,POINT Z (306427.4240859853 4120960.2464031153 40.928776500001504)
S233004990,,,,POINT Z (307219.0153826146 4120175.610148927 60.221076500001345)
S233005000,FAC2330400810,1.0,,POINT Z (307186.7420058549 4120216.5877416744 55.22247650000145)
S233005010,,,,POINT Z (307108.1565321738 4120341.2638768065 51.54047650000143)
S233005020,FAC2330502547,1.0,,POINT Z (307072.7070893386 4120434.747604935 47.329376500001445)
S233005030,FAC2330502547,1.0,,POINT Z (307048.998486842 4120490.63252624 43.14637650000145)
S233005040,FAC2330400305,1.0,,POINT Z (306983.9700713297 4120613.697813761 39.26377650000154)
S233005050,FAC2330503054,1.0,,POINT Z (306537.1544999999 4121128.0229999996 41.13177650000148)
S233005060,,,,POINT Z (306571.78072411695 4121208.0100900466 41.32607650000136)
S233005070,,,,POINT Z (306603.49 4121283.874 41.583)
S233005080,,,,POINT Z (306632.0199999999 4121353.557 42.01547650000134)
S233005090,,,,POINT Z (306686.6916613097 4121485.1253161808 42.55587650000143)
S233005100,,,,POINT Z (306730.7280000001 4121590.4925 42.70007650000139)
S233005110,FAC2330503102,1.0,,POINT Z (306795.375 4121704.239 43.86877650000156)
S233005120,FAC2330503102,1.0,,POINT Z (306827.73682271485 4121748.098383228 46.223476500001425)
S233005130,FAC2330503022,0.0,,POINT Z (306886.6876105802 4121828.8742923564 47.99427650000143)
S233005140,FAC2330503022,1.0,,POINT Z (306916.732 4121869.983 50.14627650000148)
S233005150,,,,POINT Z (307013.88350498583 4121982.6741949436 52.74807650000139)
S233005160,,,,POINT Z (307149.40558466065 4122129.1495102444 60.416876500001536)
S233005170,,,,POINT Z (307215.09299999976 4122201.627 61.53937650000148)
S233005180,,,,POINT Z (307289.858 4122280.397 58.576376500001516)
S233005190,,,,POINT Z (307349.92892377573 4122351.650381416 57.58687650000138)
S233005200,,,,POINT Z (307304.48699999985 4122302.6739999996 57.897976500001505)
S233005210,,,,POINT Z (307234.5446232179 4122225.3415772677 60.53507650000142)
S233005220,,,,POINT Z (307154.36249999964 4122142.1984999995 61.48637650000137)
S233005230,,,,POINT Z (307128.1430000003 4122104.9020000002 57.43927650000137)
S233005240,,,,POINT Z (307032.1172614067 4122005.0484394636 53.808076500001334)
S233005250,FAC2330502985,1.0,,POINT Z (306961.8992001482 4121933.8737998684 50.758876500001406)
S233005260,FAC2330502985,1.0,,POINT Z (306915.8575369201 4121873.8734725504 48.57827650000149)
S233005270,,,,POINT Z (306842.5021748092 4121773.4758184757 46.68817650000142)
S233005280,FAC2330503063,1.0,,POINT Z (306768.93800000055 4121672.715500001 44.487376500001346)
S233005290,FAC2330503063,1.0,,POINT Z (306729.58600000007 4121595.902 42.85377650000146)
S233005300,,,,POINT Z (306656.7844660379 4121421.7071142057 42.126476500001445)
S233005310,,,,POINT Z (306618.6390833122 4121329.2687068526 41.657276500001444)
S233005320,FAC2330503000,1.0,,POINT Z (306579.52682699537 4121234.284288947 41.38877650000154)
S233005330,FAC2330503000,1.0,,POINT Z (306556.626 4121179.367 40.97797650000143)
S233005340,,,,POINT Z (306533.062 4121092.936 42.122)
S233005350,FAC2330100193,1.0,,POINT Z (307053.4389529149 4120458.6301091267 45.897976500001505)
S233005360,FAC2330502546,1.0,,POINT Z (307087.2126687803 4120368.177899025 50.21357650000141)
S233005370,FAC2330500030,1.0,,POINT Z (307174.2149790348 4120217.3673835234 58.46267650000141)
S233005380,,,,POINT Z (306791.1330626579 4123288.4152006283 89.8340765000014)
S233005390,,,,POINT Z (306768.77985000977 4123384.512390934 89.86677650000138)
S233005400,,,,POINT Z (306719.44674830465 4123471.3036221275 83.1878765000015)
S233005410,,,,POINT Z (306717.800200552 4123570.551008487 73.76437650000139)
S233005420,,,,POINT Z (306767.9560903266 4123656.6516452814 64.26817650000135)
S233005430,,,,POINT Z (306759.05919269804 4123754.0952826133 54.90127650000136)
S233005440,,,,POINT Z (306709.0521636094 4123857.2076793746 46.45667650000155)
S233005450,,,,POINT Z (306668.8648364248 4123936.713769792 43.38507650000133)
S233005460,,,,POINT Z (306619.7198491635 4124032.9912689524 42.09837650000145)
S233005470,,,,POINT Z (306551.88722680276 4124110.441801804 41.30497650000143)
S233005480,,,,POINT Z (306483.2568767999 4124187.798235567 41.891876500001445)
S233005490,,,,POINT Z (306462.57235202036 4124232.4618621226 42.69107650000137)
S233005500,,,,POINT Z (306417.2769233568 4124355.5991395013 40.79437650000136)
S233005510,,,,POINT Z (306404.5259976928 4124423.6361064524 38.93037650000156)
S233005520,FAC2330500524,0.0,,POINT Z (306457.36018574476 4124563.38630858 37.16927650000139)
S233005530,FAC2330500524,1.0,,POINT Z (306503.6559806701 4124639.374859495 38.506676500001504)
S233005540,,,,POINT Z (306533.8895039116 4124751.864607159 42.75657650000153)
S233005550,FAC2330500526,1.0,,POINT Z (306515.37205156195 4124833.0378868193 47.10207650000143)
S233005560,FAC2330500526,1.0,,POINT Z (306478.0043962701 4124895.1201588186 50.700876500001414)
S233005570,,,,POINT Z (306418.6278487634 4124994.482705356 51.10187650000148)
S233005580,,,,POINT Z (306368.6129259808 4125081.071950915 49.613876500001425)
S233005590,FAC2330500528,1.0,,POINT Z (306377.25748611556 4125294.881477206 40.183776500001386)
S233005600,,,,POINT Z (306383.6323264835 4125367.377500807 38.286176500001375)
S233005610,,,,POINT Z (306402.4264027836 4125465.272921376 36.542076500001485)
S233005620,FAC2330500530,0.0,,POINT Z (306432.62675714446 4125560.5614445535 34.6927765000014)
S233005630,FAC2330500530,1.0,,POINT Z (306472.32491151674 4125648.7178387907 32.776676500001486)
S233005640,FAC2330500530,1.0,,POINT Z (306495.87800112175 4125720.9150183094 32.463976500001536)
S233005650,FAC2330400012,1.0,,POINT Z (307249.3155856629 4119200.1235687872 52.72817650000138)
S233005660,FAC2330100775,0.0,,POINT Z (307331.5459648451 4119266.4909191 55.450676500001464)
S233005670,FAC2330100775,1.0,,POINT Z (307456.11855521554 4119369.1476567634 67.59387650000144)
S233005680,,,,POINT Z (307534.0672320523 4119431.7892118595 73.20287650000137)
S233005690,,,,POINT Z (307611.95740365435 4119494.5035954537 75.07227650000141)
S233005700,,,,POINT Z (307689.37348501064 4119557.675627131 73.13697650000154)
S233005710,,,,POINT Z (307743.99859858304 4119640.9249465964 69.40597650000154)
S233005720,,,,POINT Z (307769.04107237014 4119737.298313097 65.55957650000141)
S233005730,,,,POINT Z (307764.2553847014 4119836.949620879 61.46627650000141)
S233005740,FAC2330500715,1.0,,POINT Z (307747.4852265583 4119978.3477905924 59.93887650000147)
S233005750,FAC2330500715,1.0,,POINT Z (307739.8838973155 4120035.4512559166 59.14007650000144)
S233005760,,,,POINT Z (307724.7300149406 4120134.2950553903 58.40367650000144)
S233005770,FAC2330400806,1.0,,POINT Z (307713.9306630673 4120202.122945212 58.654276500001515)
S233005780,FAC2330500719,1.0,,POINT Z (307688.83902858704 4120381.0396170635 59.95857650000153)
S233005790,FAC2330500719,1.0,,POINT Z (307686.12562132353 4120431.5402970123 62.94617650000146)
S233005800,,,,POINT Z (307681.99417599005 4120531.453911104 61.49297650000153)
S233005810,FAC2330500053,1.0,,POINT Z (307645.1860082727 4121379.1138045853 45.59967650000135)
S233005820,FAC2330500053,1.0,,POINT Z (307644.3740023958 4121401.8249000567 46.09557650000147)
S233005830,,,,POINT Z (307630.7219786634 4121730.240190674 47.39957650000156)
S233005840,,,,POINT Z (307624.17665481806 4121830.001126818 49.249076500001365)
S233005850,,,,POINT Z (307607.69026344083 4121928.5686368197 51.39937650000138)
S233005860,,,,POINT Z (307580.92568042263 4122024.8701595813 54.64977650000151)
S233005870,,,,POINT Z (307525.5948983527 4122156.0561991576 57.31887650000135)
S233005880,,,,POINT Z (307499.2220754149 4122207.1300910185 57.728476500001534)
S233005890,,,,POINT Z (307453.2663654317 4122295.9447292006 58.40877650000152)
S233005900,,,,POINT Z (307411.44689378305 4122370.168174409 58.95667650000155)
S233005910,,,,POINT Z (307361.43360169214 4122445.697728001 59.45497650000152)
S233005920,,,,POINT Z (307277.24799999973 4122550.4260000004 59.81567650000147)
S233005930,,,,POINT Z (307215.54100000043 4122625.5429999996 61.223476500001425)
S233005940,,,,POINT Z (307147.5237700084 4122708.344075253 63.39587650000135)
S233005950,,,,POINT Z (307079.09685131285 4122788.6742450288 65.50227650000147)
S233005960,,,,POINT Z (307007.00082279864 4122868.1722213128 67.93447650000144)
S233005970,,,,POINT Z (306983.59249999985 4122892.9710000004 71.56037650000144)
S233005980,FAC2330500376,0.0,,POINT Z (306887.40497540863 4122992.543477518 75.46757650000154)
S233005990,FAC2330500376,1.0,,POINT Z (306832.7331934451 4123058.609595352 79.35967650000134)
S233006000,,,,POINT Z (306734.56206937437 4123248.0747894943 84.6610765000014)
S233006010,,,,POINT Z (306708.5782693202 4123344.529494375 82.65897650000147)
S233006020,,,,POINT Z (306697.22913728503 4123443.826802478 78.68997650000142)
S233006030,,,,POINT Z (306693.31197971234 4123543.74119947 74.71517650000146)
S233006040,,,,POINT Z (306687.72365235985 4123643.556394552 70.96197650000136)
S233006050,,,,POINT Z (306670.3637561037 4123741.9542890354 67.02757650000149)
S233006060,,,,POINT Z (306639.0812742278 4123836.8448893065 63.031876500001545)
S233006070,,,,POINT Z (306596.17500332673 4123927.135701725 58.85167650000153)
S233006080,,,,POINT Z (306549.7820894836 4124015.72259455 54.78367650000155)
S233006090,,,,POINT Z (306503.4095703345 4124104.320284514 50.760176500001535)
S233006100,,,,POINT Z (306457.061183282 4124192.93049118 46.720876500001395)
S233006110,,,,POINT Z (306409.5187076741 4124283.810904025 42.92867650000153)
S233006120,,,,POINT Z (306365.7545831736 4124367.551991179 40.96267650000141)
S233006130,,,,POINT Z (306339.3424161338 4124418.0107084787 40.18797650000147)
S233006140,,,,POINT Z (306271.72619667894 4124547.399598264 39.40627650000147)
S233006150,,,,POINT Z (306226.5644863227 4124636.6108934744 38.64827650000143)
S233006160,,,,POINT Z (306186.0078876056 4124727.9847951587 38.501276500001495)
S233006170,,,,POINT Z (306157.64830608375 4124823.786301339 40.73077650000141)
S233006180,,,,POINT Z (306142.4726512046 4124922.566505497 43.87467650000144)
S233006190,,,,POINT Z (306131.86940622143 4125022.00200065 46.91937650000136)
S233006200,,,,POINT Z (306109.4736348585 4125220.727103752 52.95107650000136)
S233006210,,,,POINT Z (306098.9853263651 4125320.1755027766 55.911176500001375)
S233006220,,,,POINT Z (306088.94822952116 4125419.6686026086 58.220176500001344)
S233006230,,,,POINT Z (306078.63041428133 4125519.133201502 59.091776500001515)
S233006240,,,,POINT Z (306068.0954300397 4125618.576603229 58.31587650000142)
S233006250,,,,POINT Z (306058.6370222806 4125698.2988029774 55.95217650000154)
S233006260,,,,POINT Z (306040.5335755061 4125817.5331957587 52.19557650000138)
S233006270,,,,POINT Z (306024.56469742785 4125904.732599519 47.92167650000147)
S233006280,,,,POINT Z (306004.358640245 4126013.325507496 43.91367650000143)
S233006290,,,,POINT Z (305986.04985353973 4126111.6351099703 39.892076500001394)
S233006300,,,,POINT Z (305967.7315299551 4126209.942905512 35.87207650000141)
S233006310,,,,POINT Z (305949.5213893367 4126308.2707980485 32.141676500001495)
S233006320,,,,POINT Z (305927.5849999998 4126423.030500001 30.511276500001486)
S233006330,,,,POINT Z (305899.8800278076 4126529.1881087036 30.175376500001448)
S233006340,,,,POINT Z (305882.853 4126581.159 29.8793765000014)
S233006350,,,,POINT Z (305838.80018147104 4126691.3266990837 29.611676500001522)
S233006360,,,,POINT Z (306483.01002303354 4125786.1093846336 32.366876500001354)
S233006370,FAC2330500531,1.0,,POINT Z (306465.7909800756 4125645.182954824 32.64507650000155)
S233006380,FAC2330500531,0.0,,POINT Z (306431.67802944005 4125568.670924887 34.55627650000156)
S233006390,,,,POINT Z (306400.925419512 4125473.5468686256 36.455476500001396)
S233006400,,,,POINT Z (306380.517179831 4125375.8519942528 38.197676500001535)
S233006410,FAC2330500529,1.0,,POINT Z (306357.7101268773 4125253.881288166 39.94667650000156)
S233006420,FAC2330500529,1.0,,POINT Z (306341.12155879976 4125214.111314393 45.3961765000015)
S233006430,,,,POINT Z (306360.14089730254 4125088.85474674 49.29197650000151)
S233006440,,,,POINT Z (306409.91219828423 4125002.138898986 50.99527650000141)
S233006450,FAC2330500527,1.0,,POINT Z (306469.63393976743 4124900.8178369584 50.93197650000138)
S233006460,FAC2330500527,1.0,,POINT Z (306512.52423366095 4124830.5654678103 47.455076500001496)
S233006470,,,,POINT Z (306528.5136693374 4124733.2198750405 42.96167650000143)
S233006480,FAC2330500525,1.0,,POINT Z (306492.82754819066 4124627.8915855316 38.81077650000134)
S233006490,FAC2330500525,0.0,,POINT Z (306447.3259790303 4124552.582631866 37.167276500001435)
S233006500,,,,POINT Z (306405.15511187335 4124462.623816971 38.83577650000143)
S233006510,,,,POINT Z (306411.5158712686 4124363.9025227027 40.64667650000138)
S233006520,,,,POINT Z (306445.0167661903 4124269.6862325217 42.603476500001534)
S233006530,,,,POINT Z (306485.1294978773 4124178.195343216 42.02547650000133)
S233006540,,,,POINT Z (306552.91884263203 4124105.6593340514 41.29347650000136)
S233006550,,,,POINT Z (306624.8486023839 4124017.1748012276 41.88697650000154)
S233006560,,,,POINT Z (306663.3589331285 4123941.0533675402 43.192476500001476)
S233006570,,,,POINT Z (306704.5011014688 4123859.6478007482 45.922276500001544)
S233006580,,,,POINT Z (306743.08067340154 4123783.166186792 53.94957650000151)
S233006590,,,,POINT Z (306767.3679439093 4123664.7584020067 63.37827650000145)
S233006600,,,,POINT Z (306717.66087454977 4123578.4439637545 73.05797650000136)
S233006610,,,,POINT Z (306713.7870617018 4123479.546312571 82.54947650000145)
S233006620,,,,POINT Z (306759.79514557036 4123391.222166668 89.36067650000155)
S233006630,,,,POINT Z (306787.7040584729 4123296.594505443 90.11017650000144)
S233006640,,,,POINT Z (306786.1185186046 4123241.161310856 85.29997650000155)
S233006650,FAC2330502032,1.0,,POINT Z (305747.93655602145 4120093.06553323 32.72817650000138)
S233006660,FAC2330502032,1.0,,POINT Z (305807.7935915846 4120173.1718315273 32.07477650000146)
S233006670,,,,POINT Z (305940.5485217199 4120369.416369317 33.3485765000014)
S233006680,,,,POINT Z (305970.5850480038 4120391.321536013 33.69667650000156)
S233006690,,,,POINT Z (306065.9604366111 4120465.883845164 34.20607650000147)
S233006700,,,,POINT Z (306131.98749293585 4120540.868605194 34.65157650000151)
S233006710,,,,POINT Z (306191.18041257863 4120621.465990931 35.648176500001455)
S233006720,FAC2330502270,1.0,,POINT Z (306221.99390986253 4120710.378603829 36.470176500001344)
S233006730,FAC2330500569,1.0,,POINT Z (306182.29549915355 4120822.483512983 36.879476500001374)
S233006740,FAC2330500569,1.0,,POINT Z (306189.8819660214 4120879.258854725 37.58417650000138)
S233006750,FAC2330400439,1.0,,POINT Z (306236.8595926191 4121030.708181262 39.02217650000148)
S233006760,,,,POINT Z (306259.8234981595 4121139.3563995315 41.09617650000155)
S233006770,,,,POINT Z (306245.630027669 4121216.8473484525 42.920976500001416)
S233006780,,,,POINT Z (306210.64831921423 4121280.9861422544 44.02167650000138)
S233006790,,,,POINT Z (306141.3583013571 4121387.646535942 44.676376500001425)
S233006800,FAC2330500567,1.0,,POINT Z (306087.1429841236 4121470.9190243036 45.34687650000137)
S233006810,FAC2330500567,1.0,,POINT Z (306047.093213339 4121532.4799736356 46.78097650000154)
S233006820,,,,POINT Z (305969.37598626746 4121652.499021119 48.93837650000137)
S233006830,,,,POINT Z (305915.9176283441 4121734.532818509 51.36727650000148)
S233006840,,,,POINT Z (305860.3671880366 4121820.173986206 53.853876500001434)
S233006850,,,,POINT Z (305830.1863778944 4121868.5461111804 56.32087650000153)
S233006860,,,,POINT Z (305796.7540043748 4121958.988979547 60.18957650000152)
S233006870,,,,POINT Z (305783.1150067333 4122061.260301021 61.36027650000142)
S233006880,,,,POINT Z (305741.5045301064 4122194.8963675154 56.41797650000149)
S233006890,,,,POINT Z (305721.32640891446 4122230.7597265 48.53137650000144)
S233006900,FAC2330500565,0.0,,POINT Z (305659.0055000001 4122325.546 44.36417650000135)
S233006910,FAC2330500565,1.0,,POINT Z (305609.0432321878 4122400.3243884626 42.55307650000145)
S233006920,,,,POINT Z (305533.43465498113 4122514.0122697027 40.8807765000015)
S233006930,,,,POINT Z (305478.84423830773 4122569.438057402 39.185476500001414)
S233006940,FAC2330400845,1.0,,POINT Z (305387.2904355019 4122609.1157820127 37.479576500001485)
S233006950,,,,POINT Z (305248.47891295707 4122796.7032794408 40.035776500001475)
S233006960,FAC2330500561,1.0,,POINT Z (305236.8498898636 4122833.9073583507 43.101276500001404)
S233006970,FAC2330500561,0.0,,POINT Z (305201.57432657434 4122947.4494847083 47.03727650000155)
S233006980,,,,POINT Z (305171.8532860028 4123042.9287715927 52.83477650000145)
S233006990,,,,POINT Z (305148.62287962105 4123139.848094174 53.26917650000155)
S233007000,,,,POINT Z (305160.7091160188 4123214.9753295644 48.029476500001465)
S233007010,FAC2330400843,0.0,,POINT Z (305186.6355674776 4123333.792019898 41.28007650000154)
S233007020,FAC2330400843,1.0,,POINT Z (305153.4275458851 4123450.4678494413 37.31127650000144)
S233007030,FAC2330400843,0.0,,POINT Z (305137.2402967373 4123501.0576418624 39.066776500001424)
S233007040,,,,POINT Z (305099.0118622647 4123620.450443198 35.217876500001466)
S233007050,FAC2330500557,1.0,,POINT Z (305094.2635807877 4123758.7386021665 33.267276500001344)
S233007060,FAC2330500557,1.0,,POINT Z (305096.3078778993 4123813.7899641045 32.94037650000155)
S233007070,FAC2330500555,1.0,,POINT Z (305078.5794751618 4123928.525593393 37.69357650000143)
S233007080,FAC2330500555,1.0,,POINT Z (305068.82396270725 4124023.194848962 37.01247650000141)
S233007090,FAC2330500555,1.0,,POINT Z (305096.77797787334 4124113.542328691 33.30537650000156)
S233007100,,,,POINT Z (305071.95417413313 4124213.3834824874 30.474376500001426)
S233007110,,,,POINT Z (305039.01607739733 4124257.569505083 28.666376500001434)
S233007120,,,,POINT Z (304998.950667534 4124361.1940192557 28.396176500001502)
S233007130,FAC2330500553,1.0,,POINT Z (304961.19705300406 4124471.9499826813 29.848976500001527)
S233007140,,,,POINT Z (304888.74054031505 4124547.288720086 31.40067650000151)
S233007150,,,,POINT Z (304812.65969289147 4124630.6674305988 31.02217650000148)
S233007160,,,,POINT Z (304780.4430383055 4124697.963856759 30.935676500001364)
S233007170,,,,POINT Z (304770.7623408275 4124808.798701383 38.076776500001415)
S233007180,,,,POINT Z (304776.31707784906 4125008.5436911206 35.709376500001554)
S233007190,,,,POINT Z (304764.1818330154 4125107.6545199268 30.862876500001448)
S233007200,FAC2330500551,1.0,,POINT Z (304730.8737435422 4125240.668386145 29.491276500001504)
S233007210,FAC2330500551,0.0,,POINT Z (304725.0268707322 4125302.9173384868 32.67887650000148)
S233007220,,,,POINT Z (304743.2820418909 4125381.773163686 41.641876500001445)
S233007230,,,,POINT Z (304772.9162950672 4125497.0136285885 45.45027650000134)
S233007240,,,,POINT Z (304798.09665830445 4125593.7877394333 41.103476500001534)
S233007250,,,,POINT Z (304841.58098696603 4125683.0635807985 35.48747650000155)
S233007260,,,,POINT Z (304893.0572989511 4125738.046302068 33.194876500001556)
S233007270,,,,POINT Z (304983.91995352565 4125829.507045677 32.84017650000146)
S233007280,FAC2330500549,0.0,,POINT Z (305043.13492725673 4125898.1678878097 32.43947650000155)
S233007290,FAC2330500549,1.0,,POINT Z (305078.5791909797 4125974.368491434 34.204876500001546)
S233007300,,,,POINT Z (305113.95605351357 4126067.2181422464 37.051176500001475)
S233007310,FAC2330400841,1.0,,POINT Z (305158.78200294176 4126179.80944175 43.50567650000153)
S233007320,FAC2330400841,1.0,,POINT Z (305227.2251586294 4126297.084149752 46.24007650000135)
S233007330,FAC2330400841,0.0,,POINT Z (305240.3196007672 4126308.588675881 42.57177650000153)
S233007340,,,,POINT Z (305383.6745399477 4126394.536283413 36.344576500001494)
S233007350,FAC2330500545,1.0,,POINT Z (305482.82922257745 4126451.2711312724 31.646176500001502)
S233007360,FAC2330500545,1.0,,POINT Z (305545.0874341027 4126500.559531347 30.445676500001355)
S233007370,,,,POINT Z (305615.0379950861 4126614.150979453 30.229076500001383)
S233007380,,,,POINT Z (305652.9604902007 4126647.1501676496 29.77917650000154)
S233007390,,,,POINT Z (305707.02831069654 4126675.3249247964 29.410376500001348)
S233007400,,,,POINT Z (305697.6120301283 4126675.1829000916 29.500776500001393)
S233007410,,,,POINT Z (305615.694548517 4126619.4338335693 30.088276500001484)
S233007420,FAC2330500544,1.0,,POINT Z (305547.98200496426 4126509.185006858 30.352976500001432)
S233007430,FAC2330500544,1.0,,POINT Z (305522.2497107439 4126481.3251029314 30.63247650000153)
S233007440,FAC2330500544,0.0,,POINT Z (305449.3310323079 4126435.4310184615 33.41557650000141)
S233007450,,,,POINT Z (305322.5376380784 4126363.1220334796 39.25807650000138)
S233007460,FAC2330500546,1.0,,POINT Z (305226.1951218069 4126301.8461055793 45.12377650000144)
S233007470,FAC2330200026,0.0,,POINT Z (305138.2453897736 4126140.0698537035 40.37917650000145)
S233007480,FAC2330500548,1.0,,POINT Z (305103.38405793015 4126047.401653586 35.705076500001496)
S233007490,FAC2330500548,1.0,,POINT Z (305075.3778315295 4125974.3951972835 33.15417650000154)
S233007500,,,,POINT Z (304988.6166793436 4125838.5657237414 32.66557650000141)
S233007510,,,,POINT Z (304946.56652345916 4125796.08347038 33.07807650000154)
S233007520,,,,POINT Z (304883.85390000086 4125733.0399004715 33.67067650000149)
S233007530,,,,POINT Z (304797.4881201536 4125602.665405025 37.93907650000142)
S233007540,,,,POINT Z (304783.9777200545 4125551.8640455944 43.59797650000155)
S233007550,,,,POINT Z (304759.0511851651 4125455.0247295178 44.92797650000148)
S233007560,FAC2330500550,0.0,,POINT Z (304725.70491577167 4125324.8866483225 37.652076500001385)
S233007570,FAC2330500550,1.0,,POINT Z (304727.8499436674 4125240.0797865475 30.45837650000135)
S233007580,FAC2330500550,1.0,,POINT Z (304747.61317088356 4125162.642917556 29.5822765000014)
S233007590,,,,POINT Z (304768.4850112653 4125064.921259624 32.681376500001534)
S233007600,,,,POINT Z (304771.8729275247 4124965.0898026223 37.815276500001346)
S233007610,,,,POINT Z (304769.26500406215 4124865.127702331 40.363676500001475)
S233007620,FAC2330500552,1.0,,POINT Z (304775.6095178904 4124704.4798516985 30.139776500001517)
S233007630,,,,POINT Z (304844.6945776829 4124586.543579255 31.701576500001465)
S233007640,,,,POINT Z (304997.17687594675 4124340.2681969805 28.448276500001384)
S233007650,,,,POINT Z (305039.27757688746 4124251.103804682 29.224176500001477)
S233007660,,,,POINT Z (305093.308927749 4124131.5030971197 31.47857650000151)
S233007670,FAC2330500554,1.0,,POINT Z (305064.37211798626 4124022.4869960574 35.06307650000144)
S233007680,FAC2330500554,1.0,,POINT Z (305062.5764450379 4124011.2832359844 38.34277650000149)
S233007690,FAC2330500556,1.0,,POINT Z (305091.82196719956 4123834.9169074357 35.450876500001414)
S233007700,FAC2330500556,0.0,,POINT Z (305092.4115768656 4123789.2038044687 32.525976500001434)
S233007710,,,,POINT Z (305084.53099757794 4123674.3762998153 34.03957650000143)
S233007720,,,,POINT Z (305105.22369888454 4123589.915700561 37.38487650000138)
S233007730,FAC2330500558,1.0,,POINT Z (305137.7142259851 4123487.3958706316 38.31497650000142)
S233007740,FAC2330500558,1.0,,POINT Z (305157.8119119555 4123425.479769297 38.18477650000136)
S233007750,,,,POINT Z (305182.3766732672 4123289.264044784 44.35407650000138)
S233007760,,,,POINT Z (305151.1842697537 4123194.4362086724 51.03847650000148)
S233007770,,,,POINT Z (305152.6808122217 4123095.644775867 53.81877650000138)
S233007780,,,,POINT Z (305182.00070418144 4123000.047838521 50.70407650000152)
S233007790,FAC2330500561,1.0,,POINT Z (305222.1973802106 4122871.0963867833 44.92977650000148)
S233007800,FAC2330500560,1.0,,POINT Z (305244.7237255933 4122798.672839087 41.72117650000155)
S233007810,FAC2330500562,1.0,,POINT Z (305289.3219571585 4122688.581472948 38.72527650000143)
S233007820,,,,POINT Z (305424.0259694175 4122591.4883490126 38.129476500001374)
S233007830,,,,POINT Z (305522.15963154536 4122524.6523235124 40.0043765000014)
S233007840,FAC2330500564,1.0,,POINT Z (305551.4917607618 4122481.4846738135 41.59647650000147)
S233007850,FAC2330500564,1.0,,POINT Z (305598.7458368765 4122410.407025358 43.3463765000015)
S233007860,,,,POINT Z (305676.95551036374 4122292.240306885 45.54057650000141)
S233007870,,,,POINT Z (305730.64587728033 4122207.908501772 51.64807650000148)
S233007880,,,,POINT Z (305767.97167756554 4122115.4271387225 59.21487650000154)
S233007890,,,,POINT Z (305785.1170949225 4122017.042877742 61.49917650000134)
S233007900,,,,POINT Z (305808.3130817107 4121907.2747927886 58.432876500001385)
S233007910,,,,POINT Z (305849.6878119406 4121830.469135934 55.27477650000151)
S233007920,,,,POINT Z (305900.243895022 4121752.648161692 52.815276500001346)
S233007930,,,,POINT Z (305949.6479864021 4121676.780020955 50.35817650000149)
S233007940,,,,POINT Z (306013.0869554821 4121578.8741357517 47.91037650000135)
S233007950,FAC2330500566,1.0,,POINT Z (306065.90396816237 4121497.558548825 46.0827765000015)
S233007960,,,,POINT Z (306119.4337565188 4121415.448371503 45.02977650000139)
S233007970,,,,POINT Z (306181.0101233882 4121320.5683098845 44.392976500001396)
S233007980,,,,POINT Z (306236.07590171933 4121230.695204889 43.60957650000137)
S233007990,,,,POINT Z (306256.6 4121137.1620000014 42.01067650000141)
S233008000,,,,POINT Z (306236.1129798062 4121038.592941466 40.126876500001345)
S233008010,FAC2330500568,0.0,,POINT Z (306215.97598911857 4120980.335967938 38.24957650000147)
S233008020,FAC2330500568,1.0,,POINT Z (306192.3603927879 4120902.594601942 37.32667650000144)
S233008030,FAC2330502274,0.0,,POINT Z (306177.3609517805 4120807.1212739083 36.90647650000142)
S233008040,FAC2330400450,1.0,,POINT Z (306162.1164034972 4120587.358497429 35.183976500001336)
S233008050,FAC2330400450,1.0,,POINT Z (306100.94332006166 4120508.360781127 34.52807650000136)
S233008060,,,,POINT Z (306028.9899360004 4120439.3814520002 33.99097650000135)
S233008070,,,,POINT Z (305943.41473772936 4120375.670809941 33.489976500001376)
S233008080,FAC2330400304,1.0,,POINT Z (305881.4819574738 4120309.290820113 33.16647650000141)
S233008090,,,,POINT Z (305778.52748965356 4120139.301859229 32.140376500001366)
S233008100,,,,POINT Z (305745.1873758646 4120094.896066602 33.44887650000146)
S233008110,,,,POINT Z (305826.3134243694 4126685.3579695807 29.15127650000136)
S233008120,,,,POINT Z (305864.9324604473 4126593.128784536 29.466076500001464)
S233008130,,,,POINT Z (305888.40500000055 4126523.9609999983 29.79517650000139)
S233008140,,,,POINT Z (305912.5709999999 4126433.1190000004 30.185676500001364)
S233008150,,,,POINT Z (305937.8836390791 4126302.6429073177 32.207376500001374)
S233008160,,,,POINT Z (305956.1088861663 4126204.317797446 35.9713765000015)
S233008170,,,,POINT Z (305974.4327277737 4126106.0111051714 40.032476500001394)
S233008180,,,,POINT Z (305992.68907971797 4126007.691796235 44.06847650000145)
S233008190,,,,POINT Z (306012.722 4125900.057 48.0673765000015)
S233008200,,,,POINT Z (306028.5243517941 4125813.450291628 52.07177650000153)
S233008210,,,,POINT Z (306044.6011915718 4125709.1942988536 55.822876500001485)
S233008220,,,,POINT Z (306054.06999999995 4125631.642000001 58.246276500001386)
S233008230,,,,POINT Z (306066.689614271 4125513.459501551 59.09687650000137)
S233008240,,,,POINT Z (306076.51766471757 4125413.950097597 58.15617650000149)
S233008250,,,,POINT Z (306087.25244579423 4125314.5443048063 55.78797650000138)
S233008260,,,,POINT Z (306097.8059779703 4125215.102897642 52.77907650000134)
S233008270,,,,POINT Z (306118.88385275454 4125016.222695064 46.79347650000136)
S233008280,,,,POINT Z (306129.50870126416 4124916.7889001383 43.94017650000137)
S233008290,,,,POINT Z (306145.10976970266 4124818.0743931257 41.24717650000139)
S233008300,,,,POINT Z (306174.07892042043 4124722.469807953 39.086076500001354)
S233008310,,,,POINT Z (306216.73699026817 4124632.1139947963 38.84537650000152)
S233008320,,,,POINT Z (306263.39235025167 4124543.665626599 39.44447650000143)
S233008330,,,,POINT Z (306327.9027863893 4124420.3474928816 40.21707650000144)
S233008340,,,,POINT Z (306358.2340000003 4124362.3589999997 40.992376500001455)
S233008350,,,,POINT Z (306402.9895000001 4124276.954 42.93047650000153)
S233008360,,,,POINT Z (306448.83598672634 4124189.250393079 46.73027650000154)
S233008370,,,,POINT Z (306495.1722811089 4124100.633690175 50.72767650000151)
S233008380,,,,POINT Z (306541.5336797329 4124012.03168976 54.80737650000151)
S233008390,,,,POINT Z (306587.8838068363 4123923.4234035397 58.77867650000144)
S233008400,,,,POINT Z (306630.82787094737 4123833.1533882385 62.71407650000151)
S233008410,,,,POINT Z (306661.93922737765 4123738.205207255 66.7503765000015)
S233008420,,,,POINT Z (306679.09705938364 4123639.7843958037 70.80117650000147)
S233008430,,,,POINT Z (306684.40514098015 4123539.9514011256 74.86867650000136)
S233008440,,,,POINT Z (306688.0689197198 4123440.0221011373 79.04077650000136)
S233008450,,,,POINT Z (306700.09037718986 4123340.812895832 83.04337650000139)
S233008460,,,,POINT Z (306724.80769299524 4123243.999197638 85.00787650000143)
S233008470,FAC2330500378,1.0,,POINT Z (306825.24000075064 4123053.2361005615 79.88677650000136)
S233008480,FAC2330500378,1.0,,POINT Z (306878.46540649346 4122988.999505947 75.8988765000015)
S233008490,,,,POINT Z (306977.9325000002 4122885.8469999996 71.76267650000136)
S233008500,,,,POINT Z (307013.627 4122847.897 68.213)
S233008510,,,,POINT Z (307094.466 4122757.309 65.311)
S233008520,,,,POINT Z (307141.60100000014 4122701.2909999997 63.49737650000134)
S233008530,,,,POINT Z (307223.5780000002 4122601.6364999996 61.2847765000015)
S233008540,,,,POINT Z (307272.6109999993 4122542.005000001 59.84267650000152)
S233008550,,,,POINT Z (307324.5163152873 4122477.460811503 59.23387650000154)
S233008560,,,,POINT Z (307418.757043242 4122337.3004248976 58.71897650000142)
S233008570,,,,POINT Z (307443.68059255125 4122291.8464961373 58.25337650000142)
S233008580,,,,POINT Z (307491.12114206265 4122200.3697250844 57.76257650000139)
S233008590,,,,POINT Z (307515.2009826818 4122153.871033634 57.11807650000151)
S233008600,,,,POINT Z (307571.28793043195 4122020.7620099746 54.40587650000134)
S233008610,,,,POINT Z (307597.76078815735 4121924.399184344 51.13287650000143)
S233008620,,,,POINT Z (307613.7811097277 4121825.752911776 48.974576500001376)
S233008630,,,,POINT Z (307620.05094904057 4121725.9806104233 47.409876500001474)
S233008640,FAC2330501707,1.0,,POINT Z (307633.7561606664 4121381.0768936165 46.01697650000142)
S233008650,FAC2330501707,1.0,,POINT Z (307634.043509145 4121374.8058004198 45.48757650000152)
S233008660,FAC2330200024,1.0,,POINT Z (307672.6611291258 4120438.5220060768 62.85557650000146)
S233008670,FAC2330300010,1.0,,POINT Z (307681.04454432265 4120327.600392517 59.894876500001374)
S233008680,FAC2330500440,1.0,,POINT Z (307695.4780025742 4120233.2689841627 58.59227650000139)
S233008690,,,,POINT Z (307711.6659214621 4120131.9363033976 58.403376500001514)
S233008700,FAC2330400802,1.0,,POINT Z (307729.4549266508 4120014.630517455 59.13377650000143)
S233008710,FAC2330400802,1.0,,POINT Z (307737.5816985711 4119951.9484998235 59.955676500001346)
S233008720,FAC2330500514,1.0,,POINT Z (307748.3975406465 4119860.469258158 61.364076500001374)
S233008730,,,,POINT Z (307754.4010816877 4119723.4415474935 65.12997650000148)
S233008740,,,,POINT Z (307724.4690501596 4119630.049779123 69.08877650000136)
S233008750,,,,POINT Z (307671.3253829688 4119557.5459227646 72.98997650000138)
S233008760,,,,POINT Z (307628.1823140249 4119522.535382407 75.06617650000135)
S233008770,FAC2330100724,1.0,,POINT Z (307514.4172307086 4119431.07156168 72.47807650000141)
S233008780,,,,POINT Z (307436.6308188861 4119368.2297330173 66.5791765000015)
S233008790,FAC2330500515,1.0,,POINT Z (307323.18060968496 4119276.5960879177 60.54737650000152)
S233008800,,,,POINT Z (307265.6939785406 4119230.4288267517 54.723076500001525)
S233008810,FAC2330200017,1.0,,POINT Z (307125.33848091436 4119117.2224241183 55.52567650000151)
S233008820,,,,POINT Z (306534.27661049843 4124621.1428781827 38.15627650000147)
S233008830,,,,POINT Z (306678.9737331327 4124623.667689182 39.04937650000147)
S233008840,,,,POINT Z (306579.1783884698 4124627.1808429877 38.25997650000136)
S233008850,FAC2330500043,1.0,,POINT Z (306876.07490693533 4120532.8221975076 38.36807650000151)
S233008860,FAC2330400013,1.0,,POINT Z (306878.70717237744 4120534.0556340963 38.77867650000144)
S233008870,,,,POINT Z (306681.3308366036 4124813.661314729 -2.349999863326957e-5)
S233008880,,,,POINT Z (306694.4769517126 4124901.119691895 -2.349999863326957e-5)
S233008890,,,,POINT Z (306703.3276896076 4124950.5360730165 -2.349999863326957e-5)
S233008900,,,,POINT Z (306763.3458871992 4124965.3790784036 -2.349999863326957e-5)
S233008910,,,,POINT Z (306797.23716658633 4124951.2793641817 -2.349999863326957e-5)
S233008920,,,,POINT Z (306849.3779788898 4124814.3131622938 -2.349999863326957e-5)
S233008930,,,,POINT Z (306850.982480462 4124757.0214371756 -2.349999863326957e-5)
S233008940,,,,POINT Z (306794.3368667534 4124681.2796571045 -2.349999863326957e-5)
S233008950,,,,POINT Z (306790.479475417 4124670.228059987 -2.349999863326957e-5)
S233008960,,,,POINT Z (306850.92479360703 4124749.8968022848 -2.349999863326957e-5)
S233008970,,,,POINT Z (306854.3808391867 4124807.5781445643 -2.349999863326957e-5)
S233008980,FAC2330400836,1.0,,POINT Z (306822.89273997955 4124908.9284764016 -2.349999863326957e-5)
S233008990,FAC2330400836,0.0,,POINT Z (306736.6614782061 4124990.596382808 -2.349999863326957e-5)
S233009000,,,,POINT Z (306689.3106856272 4125010.311796915 -2.349999863326957e-5)
S233009010,,,,POINT Z (306697.3889883029 4124930.081954875 -2.349999863326957e-5)
S233009020,,,,POINT Z (306677.7439719077 4124814.1472031483 -2.349999863326957e-5)
S233009030,,,,POINT Z (306661.64093425364 4124718.6581311324 -2.349999863326957e-5)
S233009040,,,,POINT Z (306648.4251689337 4124663.5408806466 -2.349999863326957e-5)
S233009050,,,,POINT Z (306693.43171925045 4124617.5010735164 -2.349999863326957e-5)
S233009060,,,,POINT Z (306613.3927060252 4125715.031402259 -2.349999863326957e-5)
S233009070,,,,POINT Z (306671.48606895085 4125643.116090207 -2.349999863326957e-5)
S233009080,,,,POINT Z (306628.627527662 4125554.980211227 -2.349999863326957e-5)
S233009090,,,,POINT Z (306557.27874264936 4125558.6686562416 32.9269765000015)
S233009100,FAC2330500530,1.0,,POINT Z (306476.10038953926 4125614.9250931703 32.9269765000015)
S233009110,,,,POINT Z (306545.4251088856 4125565.753511429 32.913976500001354)
S233009120,,,,POINT Z (306583.0254997415 4125542.538899793 32.913976500001354)
S233009130,,,,POINT Z (306654.4690964989 4125610.9449728657 -2.349999863326957e-5)
S233009140,,,,POINT Z (306659.1637015202 4125684.837302985 -2.349999863326957e-5)
S233009150,,,,POINT Z (306587.0142165739 4125730.95737645 -2.349999863326957e-5)
S233009160,,,,POINT Z (306504.85588246613 4125782.4970681686 -2.349999863326957e-5)
S233009170,,,,POINT Z (306525.7671398503 4125759.1864498323 -2.349999863326957e-5)
S233009180,,,,POINT Z (307146.02496069355 4119116.6563925953 54.7171027979059)
S233009190,FAC2330400845,1.0,,POINT Z (305340.9277602371 4122637.144681024 37.278839869444255)
S233009200,FAC2330500562,0.0,,POINT Z (305326.01777840237 4122644.5688894805 37.26768009605626)
S233009210,FAC2330500528,1.0,,POINT Z (306352.048 4125232.717 42.026)
S233009230,FAC2330500560,1.0,,POINT Z (305215.241 4122893.45 44.589)
S233009220,FAC2330500561,1.0,,POINT Z (305218.104 4122894.348 44.589)
S233009250,FAC2330500675,1.0,,POINT Z (306611.686 4119170.807 73.753)
S233009240,FAC2330400808,1.0,,POINT Z (306834.566 4119248.288 54.053)
S233004120,FAC2330200061,1.0,,POINT Z (307013.5137491049 4119198.161510176 54.84697650000135)
S233004120,FAC2330300018,1.0,,POINT Z (307013.5137491049 4119198.161510176 54.84697650000135)
S233004100,FAC2330200018,1.0,,POINT Z (307063.11475708656 4119137.5488091023 56.663176500001555)
S233004100,FAC2330300025,1.0,,POINT Z (307063.11475708656 4119137.5488091023 56.663176500001555)
S233002290,FAC2330400812,1.0,,POINT Z (307916.32769243786 4119934.486963196 66.84041695419023)
S233008670,FAC2330200019,1.0,,POINT Z (307681.04454432265 4120327.600392517 59.894876500001374)
S233008670,FAC2330200020,1.0,,POINT Z (307681.04454432265 4120327.600392517 59.894876500001374)
S233008670,FAC2330200021,1.0,,POINT Z (307681.04454432265 4120327.600392517 59.894876500001374)
S233008670,FAC2330200022,1.0,,POINT Z (307681.04454432265 4120327.600392517 59.894876500001374)
S233008670,FAC2330200023,1.0,,POINT Z (307681.04454432265 4120327.600392517 59.894876500001374)
S233008660,FAC2330300004,1.0,,POINT Z (307672.6611291258 4120438.5220060768 62.85557650000146)
S233008660,FAC2330502348,1.0,,POINT Z (307672.6611291258 4120438.5220060768 62.85557650000146)
S233003180,FAC2330300004,1.0,,POINT Z (307670.5239816336 4120489.842510139 62.82411695419023)
S233003660,FAC2330500696,1.0,,POINT Z (307661.3859996589 4121174.2710082526 48.188116954190264)
S233003670,FAC2330400436,1.0,,POINT Z (307658.43571470614 4121242.0263600186 45.420933927428415)
S233007320,FAC2330500547,1.0,,POINT Z (305227.2251586294 4126297.084149752 46.24007650000135)
S233007020,FAC2330500559,1.0,,POINT Z (305153.4275458851 4123450.4678494413 37.31127650000144)
S233009190,FAC2330500563,1.0,,POINT Z (305340.9277602371 4122637.144681024 37.278839869444255)
S233005260,FAC2330400833,0.0,,POINT Z (306915.8575369201 4121873.8734725504 48.57827650000149)
S233005260,FAC2330401541,0.0,,POINT Z (306915.8575369201 4121873.8734725504 48.57827650000149)
S233004740,FAC2330200027,1.0,,POINT Z (306146.1789146064 4120129.4989887844 34.56087650000154)
S233004730,FAC2330200006,1.0,,POINT Z (306228.6064412516 4120141.323649316 34.82247650000136)
S233004730,FAC2330200005,1.0,,POINT Z (306228.6064412516 4120141.323649316 34.82247650000136)
S233004730,FAC2330200028,1.0,,POINT Z (306228.6064412516 4120141.323649316 34.82247650000136)
S233004730,FAC2330300030,1.0,,POINT Z (306228.6064412516 4120141.323649316 34.82247650000136)
S233004730,FAC2330200027,1.0,,POINT Z (306228.6064412516 4120141.323649316 34.82247650000136)
S233004720,FAC2330300035,1.0,,POINT Z (306336.7548588037 4120199.316877096 35.00637650000135)
S233004720,FAC2330400302,1.0,,POINT Z (306336.7548588037 4120199.316877096 35.00637650000135)
S233004720,FAC2330400449,1.0,,POINT Z (306336.7548588037 4120199.316877096 35.00637650000135)
S233004280,FAC2330200054,1.0,,POINT Z (306447.785562072 4120215.8228185885 38.08167650000155)
S233004280,FAC2330200055,1.0,,POINT Z (306447.785562072 4120215.8228185885 38.08167650000155)
S233004280,FAC2330300008,1.0,,POINT Z (306447.785562072 4120215.8228185885 38.08167650000155)
S233004280,FAC2330500036,1.0,,POINT Z (306447.785562072 4120215.8228185885 38.08167650000155)
S233004710,FAC2330200007,1.0,,POINT Z (306369.2673262809 4120228.546293272 35.06617650000135)
S233004710,FAC2330200030,1.0,,POINT Z (306369.2673262809 4120228.546293272 35.06617650000135)
S233004710,FAC2330200031,1.0,,POINT Z (306369.2673262809 4120228.546293272 35.06617650000135)
S233004710,FAC2330200032,1.0,,POINT Z (306369.2673262809 4120228.546293272 35.06617650000135)
S233004710,FAC2330300029,1.0,,POINT Z (306369.2673262809 4120228.546293272 35.06617650000135)
S233004710,FAC2330400438,1.0,,POINT Z (306369.2673262809 4120228.546293272 35.06617650000135)
S233004870,FAC2330200052,1.0,,POINT Z (306461.83710621914 4120300.78360299 35.18367650000141)
S233004870,FAC2330500037,1.0,,POINT Z (306461.83710621914 4120300.78360299 35.18367650000141)
S233004700,FAC2330200014,1.0,,POINT Z (306473.9013416799 4120325.2815572256 35.06147650000139)
S233004700,FAC2330200034,1.0,,POINT Z (306473.9013416799 4120325.2815572256 35.06147650000139)
S233004700,FAC2330200038,1.0,,POINT Z (306473.9013416799 4120325.2815572256 35.06147650000139)
S233004700,FAC2330300031,1.0,,POINT Z (306473.9013416799 4120325.2815572256 35.06147650000139)
S233004700,FAC2330300036,1.0,,POINT Z (306473.9013416799 4120325.2815572256 35.06147650000139)
S233004700,FAC2330500039,1.0,,POINT Z (306473.9013416799 4120325.2815572256 35.06147650000139)
S233004160,FAC2330200043,1.0,,POINT Z (307016.386 4119402.067 46.574376500001335)
S233004160,FAC2330200044,1.0,,POINT Z (307016.386 4119402.067 46.574376500001335)
S233004160,FAC2330200045,1.0,,POINT Z (307016.386 4119402.067 46.574376500001335)
S233004160,FAC2330200046,1.0,,POINT Z (307016.386 4119402.067 46.574376500001335)
S233004160,FAC2330300033,1.0,,POINT Z (307016.386 4119402.067 46.574376500001335)
S233004160,FAC2330500020,1.0,,POINT Z (307016.386 4119402.067 46.574376500001335)
S233004150,FAC2330200043,1.0,,POINT Z (307041.954 4119369.592 48.463976500001536)
S233004150,FAC2330200044,1.0,,POINT Z (307041.954 4119369.592 48.463976500001536)
S233004150,FAC2330200045,1.0,,POINT Z (307041.954 4119369.592 48.463976500001536)
S233004150,FAC2330200046,1.0,,POINT Z (307041.954 4119369.592 48.463976500001536)
S233004150,FAC2330300033,1.0,,POINT Z (307041.954 4119369.592 48.463976500001536)
S233004150,FAC2330500020,1.0,,POINT Z (307041.954 4119369.592 48.463976500001536)
S233004150,FAC2330200048,1.0,,POINT Z (307041.954 4119369.592 48.463976500001536)
S233004150,FAC2330200049,1.0,,POINT Z (307041.954 4119369.592 48.463976500001536)
S233004150,FAC2330300027,1.0,,POINT Z (307041.954 4119369.592 48.463976500001536)
S233004140,FAC2330200050,1.0,,POINT Z (307111.57070956175 4119281.1832075305 50.32487650000144)
S233001980,FAC2330401538,1.0,,POINT Z (307241.64180336514 4119766.1487826915 69.67011741756322)
S233003270,FAC2330300004,1.0,,POINT Z (307615.60074305395 4120424.437063497 59.12860548080391)
S233003680,FAC2330400307,1.0,,POINT Z (307460.7843868212 4120756.2990774545 44.792231536405296)
S233003690,FAC2330400308,1.0,,POINT Z (307400.81656127475 4120793.3332013404 42.463922485778696)
S233003720,FAC2330400308,1.0,,POINT Z (307450.2184281355 4120815.7918831287 43.98298826715302)
S233003190,FAC2330400452,1.0,,POINT Z (307461.4120930921 4120879.7447968344 45.96361695419023)
S233005350,FAC2330100194,1.0,,POINT Z (307053.4389529149 4120458.6301091267 45.897976500001505)
S233005350,FAC2330100241,1.0,,POINT Z (307053.4389529149 4120458.6301091267 45.897976500001505)
S233005350,FAC2330100242,1.0,,POINT Z (307053.4389529149 4120458.6301091267 45.897976500001505)
S233005350,FAC2330502546,1.0,,POINT Z (307053.4389529149 4120458.6301091267 45.897976500001505)
S233004650,FAC2330100720,1.0,,POINT Z (306882.18566613307 4120610.658867744 37.864976500001376)
S233004640,FAC2330400445,1.0,,POINT Z (306921.21684009564 4120630.1544199283 38.36137650000137)
S233001320,FAC2330500046,1.0,,POINT Z (307267.6929573679 4119083.0270546395 54.31291695419009)
S233001310,FAC2330401553,1.0,,POINT Z (307384.2951066276 4118945.62190022 57.27911695419016)
S233005660,FAC2330500518,1.0,,POINT Z (307331.5459648451 4119266.4909191 55.450676500001464)
S233002310,FAC2330500169,1.0,,POINT Z (307663.06931920553 4119906.7394669107 64.76908105529903)
S233002310,FAC2330502586,1.0,,POINT Z (307663.06931920553 4119906.7394669107 64.76908105529903)
S233008710,FAC2330500169,1.0,,POINT Z (307737.5816985711 4119951.9484998235 59.955676500001346)
S233008700,FAC2330500169,1.0,,POINT Z (307729.4549266508 4120014.630517455 59.13377650000143)
S233002300,FAC2330502374,1.0,,POINT Z (307861.8982434164 4119928.07149661 64.42085722441387)
S233002300,FAC2330500715,1.0,,POINT Z (307861.8982434164 4119928.07149661 64.42085722441387)
S233005770,FAC2330502347,1.0,,POINT Z (307713.9306630673 4120202.122945212 58.654276500001515)
S233002490,FAC2330502587,1.0,,POINT Z (307560.34296534705 4120168.5282130325 57.505416954190196)
S233002410,FAC2330400444,0.0,,POINT Z (307512.3889268147 4120194.726971728 56.0398169541902)
S233004460,FAC2330400444,0.0,,POINT Z (307434.44796497095 4120216.041804069 55.36837650000143)
S233004450,FAC2330502349,1.0,,POINT Z (307382.8124464597 4120181.148338771 59.03937650000148)
S233002500,FAC2330400803,0.0,,POINT Z (307537.34797318437 4120304.859669775 55.241616956076086)
S233004510,FAC2330200020,1.0,,POINT Z (307606.4942940815 4120280.366936636 56.79457650000154)
S233004510,FAC2330200021,1.0,,POINT Z (307606.4942940815 4120280.366936636 56.79457650000154)
S233004510,FAC2330200022,1.0,,POINT Z (307606.4942940815 4120280.366936636 56.79457650000154)
S233004510,FAC2330200023,1.0,,POINT Z (307606.4942940815 4120280.366936636 56.79457650000154)
S233004510,FAC2330200042,1.0,,POINT Z (307606.4942940815 4120280.366936636 56.79457650000154)
S233004510,FAC2330300010,1.0,,POINT Z (307606.4942940815 4120280.366936636 56.79457650000154)
S233003260,FAC2330200042,1.0,,POINT Z (307559.5306750953 4120370.8280909685 56.605358429354)
S233003260,FAC2330200020,1.0,,POINT Z (307559.5306750953 4120370.8280909685 56.605358429354)
S233003260,FAC2330200021,1.0,,POINT Z (307559.5306750953 4120370.8280909685 56.605358429354)
S233003260,FAC2330200022,1.0,,POINT Z (307559.5306750953 4120370.8280909685 56.605358429354)
S233003260,FAC2330200023,1.0,,POINT Z (307559.5306750953 4120370.8280909685 56.605358429354)
S233003260,FAC2330300010,1.0,,POINT Z (307559.5306750953 4120370.8280909685 56.605358429354)
S233008670,FAC2330200042,1.0,,POINT Z (307681.04454432265 4120327.600392517 59.894876500001374)
S233003270,FAC2330200042,1.0,,POINT Z (307615.60074305395 4120424.437063497 59.12860548080391)
S233003270,FAC2330200019,1.0,,POINT Z (307615.60074305395 4120424.437063497 59.12860548080391)
S233003270,FAC2330200020,1.0,,POINT Z (307615.60074305395 4120424.437063497 59.12860548080391)
S233003270,FAC2330200021,1.0,,POINT Z (307615.60074305395 4120424.437063497 59.12860548080391)
S233003270,FAC2330200022,1.0,,POINT Z (307615.60074305395 4120424.437063497 59.12860548080391)
S233003270,FAC2330200023,1.0,,POINT Z (307615.60074305395 4120424.437063497 59.12860548080391)
S233003270,FAC2330300010,1.0,,POINT Z (307615.60074305395 4120424.437063497 59.12860548080391)
S233003300,FAC2330300004,0.0,,POINT Z (307566.4037141104 4120513.545652503 58.5596794915452)
S233003630,FAC2330502584,1.0,,POINT Z (307677.4450080198 4120781.351813225 58.16411695419015)
S233003190,FAC2330400307,0.0,,POINT Z (307461.4120930921 4120879.7447968344 45.96361695419023)
S233003190,FAC2330400308,0.0,,POINT Z (307461.4120930921 4120879.7447968344 45.96361695419023)
S233003200,FAC2330400307,1.0,,POINT Z (307492.1725817104 4120789.0658267876 46.5748862517461)
S233003200,FAC2330400308,1.0,,POINT Z (307492.1725817104 4120789.0658267876 46.5748862517461)
S233003200,FAC2330400309,0.0,,POINT Z (307492.1725817104 4120789.0658267876 46.5748862517461)
S233003680,FAC2330400308,1.0,,POINT Z (307460.7843868212 4120756.2990774545 44.792231536405296)
S233003680,FAC2330400309,0.0,,POINT Z (307460.7843868212 4120756.2990774545 44.792231536405296)
S233003690,FAC2330400307,1.0,,POINT Z (307400.81656127475 4120793.3332013404 42.463922485778696)
S233003690,FAC2330400309,0.0,,POINT Z (307400.81656127475 4120793.3332013404 42.463922485778696)
S233003690,FAC2330400452,0.0,,POINT Z (307400.81656127475 4120793.3332013404 42.463922485778696)
S233005000,FAC2330500034,1.0,,POINT Z (307186.7420058549 4120216.5877416744 55.22247650000145)
S233004490,FAC2330100194,0.0,,POINT Z (306929.64826899295 4120500.904187723 39.6121765000014)
S233004490,FAC2330100241,0.0,,POINT Z (306929.64826899295 4120500.904187723 39.6121765000014)
S233004490,FAC2330100242,0.0,,POINT Z (306929.64826899295 4120500.904187723 39.6121765000014)
S233004500,FAC2330100193,0.0,,POINT Z (306970.15226873633 4120529.2888870286 41.025976500001434)
S233004500,FAC2330100194,0.0,,POINT Z (306970.15226873633 4120529.2888870286 41.025976500001434)
S233004500,FAC2330100241,0.0,,POINT Z (306970.15226873633 4120529.2888870286 41.025976500001434)
S233004500,FAC2330100242,0.0,,POINT Z (306970.15226873633 4120529.2888870286 41.025976500001434)
S233002840,FAC2330400445,1.0,,POINT Z (306917.9867094785 4120729.8483791673 41.78265040525787)
S233004640,FAC2330500044,1.0,,POINT Z (306921.21684009564 4120630.1544199283 38.36137650000137)
S233004650,FAC2330400445,1.0,,POINT Z (306882.18566613307 4120610.658867744 37.864976500001376)
S233004660,FAC2330400792,1.0,,POINT Z (306798.5924419958 4120568.792917168 37.19987650000144)
S233004660,FAC2330401540,1.0,,POINT Z (306798.5924419958 4120568.792917168 37.19987650000144)
S233004660,FAC2330500044,1.0,,POINT Z (306798.5924419958 4120568.792917168 37.19987650000144)
S233004670,FAC2330400451,0.0,,POINT Z (306696.52087983035 4120517.7819398483 36.17577650000135)
S233003090,FAC2330200047,0.0,,POINT Z (306569.187082779 4120210.575142942 38.25695668367283)
S233003090,FAC2330200056,0.0,,POINT Z (306569.187082779 4120210.575142942 38.25695668367283)
S233003090,FAC2330200057,0.0,,POINT Z (306569.187082779 4120210.575142942 38.25695668367283)
S233003090,FAC2330200058,0.0,,POINT Z (306569.187082779 4120210.575142942 38.25695668367283)
S233003090,FAC2330200059,0.0,,POINT Z (306569.187082779 4120210.575142942 38.25695668367283)
S233003090,FAC2330300014,0.0,,POINT Z (306569.187082779 4120210.575142942 38.25695668367283)
S233003090,FAC2330300015,0.0,,POINT Z (306569.187082779 4120210.575142942 38.25695668367283)
S233004870,FAC2330200056,1.0,,POINT Z (306461.83710621914 4120300.78360299 35.18367650000141)
S233004870,FAC2330200057,1.0,,POINT Z (306461.83710621914 4120300.78360299 35.18367650000141)
S233004870,FAC2330200058,1.0,,POINT Z (306461.83710621914 4120300.78360299 35.18367650000141)
S233004870,FAC2330200059,1.0,,POINT Z (306461.83710621914 4120300.78360299 35.18367650000141)
S233004870,FAC2330300014,1.0,,POINT Z (306461.83710621914 4120300.78360299 35.18367650000141)
S233004870,FAC2330300015,1.0,,POINT Z (306461.83710621914 4120300.78360299 35.18367650000141)
S233004690,FAC2330200016,0.0,,POINT Z (306547.1959961329 4120396.30699623 35.37217650000139)
S233004690,FAC2330200035,0.0,,POINT Z (306547.1959961329 4120396.30699623 35.37217650000139)
S233004690,FAC2330200036,0.0,,POINT Z (306547.1959961329 4120396.30699623 35.37217650000139)
S233004690,FAC2330200037,0.0,,POINT Z (306547.1959961329 4120396.30699623 35.37217650000139)
S233004690,FAC2330200038,0.0,,POINT Z (306547.1959961329 4120396.30699623 35.37217650000139)
S233004690,FAC2330300031,0.0,,POINT Z (306547.1959961329 4120396.30699623 35.37217650000139)
S233004690,FAC2330300034,0.0,,POINT Z (306547.1959961329 4120396.30699623 35.37217650000139)
S233004700,FAC2330200015,1.0,,POINT Z (306473.9013416799 4120325.2815572256 35.06147650000139)
S233004700,FAC2330200016,1.0,,POINT Z (306473.9013416799 4120325.2815572256 35.06147650000139)
S233004700,FAC2330200035,1.0,,POINT Z (306473.9013416799 4120325.2815572256 35.06147650000139)
S233004700,FAC2330200036,1.0,,POINT Z (306473.9013416799 4120325.2815572256 35.06147650000139)
S233004700,FAC2330200037,1.0,,POINT Z (306473.9013416799 4120325.2815572256 35.06147650000139)
S233004700,FAC2330300034,1.0,,POINT Z (306473.9013416799 4120325.2815572256 35.06147650000139)
S233004710,FAC2330200008,1.0,,POINT Z (306369.2673262809 4120228.546293272 35.06617650000135)
S233004710,FAC2330200009,1.0,,POINT Z (306369.2673262809 4120228.546293272 35.06617650000135)
S233004710,FAC2330200010,1.0,,POINT Z (306369.2673262809 4120228.546293272 35.06617650000135)
S233004710,FAC2330200011,1.0,,POINT Z (306369.2673262809 4120228.546293272 35.06617650000135)
S233004710,FAC2330200012,1.0,,POINT Z (306369.2673262809 4120228.546293272 35.06617650000135)
S233004710,FAC2330200033,1.0,,POINT Z (306369.2673262809 4120228.546293272 35.06617650000135)
S233004710,FAC2330300022,1.0,,POINT Z (306369.2673262809 4120228.546293272 35.06617650000135)
S233004720,FAC2330200006,0.0,,POINT Z (306336.7548588037 4120199.316877096 35.00637650000135)
S233004720,FAC2330100723,1.0,,POINT Z (306336.7548588037 4120199.316877096 35.00637650000135)
S233004720,FAC2330200007,1.0,,POINT Z (306336.7548588037 4120199.316877096 35.00637650000135)
S233004720,FAC2330200030,1.0,,POINT Z (306336.7548588037 4120199.316877096 35.00637650000135)
S233004720,FAC2330200031,1.0,,POINT Z (306336.7548588037 4120199.316877096 35.00637650000135)
S233004720,FAC2330200032,1.0,,POINT Z (306336.7548588037 4120199.316877096 35.00637650000135)
S233004720,FAC2330300029,1.0,,POINT Z (306336.7548588037 4120199.316877096 35.00637650000135)
S233004720,FAC2330400438,1.0,,POINT Z (306336.7548588037 4120199.316877096 35.00637650000135)
S233004860,FAC2330200054,0.0,,POINT Z (306348.1938746843 4120197.043889234 35.04177650000133)
S233004860,FAC2330200055,0.0,,POINT Z (306348.1938746843 4120197.043889234 35.04177650000133)
S233004860,FAC2330300008,0.0,,POINT Z (306348.1938746843 4120197.043889234 35.04177650000133)
S233004860,FAC2330500036,0.0,,POINT Z (306348.1938746843 4120197.043889234 35.04177650000133)
S233004730,FAC2330200029,0.0,,POINT Z (306228.6064412516 4120141.323649316 34.82247650000136)
S233004730,FAC2330300035,0.0,,POINT Z (306228.6064412516 4120141.323649316 34.82247650000136)
S233004730,FAC2330400302,0.0,,POINT Z (306228.6064412516 4120141.323649316 34.82247650000136)
S233004730,FAC2330400449,0.0,,POINT Z (306228.6064412516 4120141.323649316 34.82247650000136)
S233004850,FAC2330100734,1.0,,POINT Z (306284.0643803898 4120153.1249405174 34.84987650000153)
S233004740,FAC2330200005,1.0,,POINT Z (306146.1789146064 4120129.4989887844 34.56087650000154)
S233004740,FAC2330200028,1.0,,POINT Z (306146.1789146064 4120129.4989887844 34.56087650000154)
S233004740,FAC2330300030,1.0,,POINT Z (306146.1789146064 4120129.4989887844 34.56087650000154)
S233004740,FAC2330400443,1.0,,POINT Z (306146.1789146064 4120129.4989887844 34.56087650000154)
S233008080,FAC2330100719,1.0,,POINT Z (305881.4819574738 4120309.290820113 33.16647650000141)
S233008080,FAC2330400009,1.0,,POINT Z (305881.4819574738 4120309.290820113 33.16647650000141)
S233008080,FAC2330400303,1.0,,POINT Z (305881.4819574738 4120309.290820113 33.16647650000141)
S233005250,FAC2330400833,0.0,,POINT Z (306961.8992001482 4121933.8737998684 50.758876500001406)
S233003660,FAC2330200025,1.0,,POINT Z (307661.3859996589 4121174.2710082526 48.188116954190264)
S233003660,FAC2330400436,1.0,,POINT Z (307661.3859996589 4121174.2710082526 48.188116954190264)
S233003670,FAC2330300012,1.0,,POINT Z (307658.43571470614 4121242.0263600186 45.420933927428415)
S233003670,FAC2330300013,0.0,,POINT Z (307658.43571470614 4121242.0263600186 45.420933927428415)
S233003950,FAC2330500053,1.0,,POINT Z (307647.2298497508 4121330.6419820334 45.59971306650525)
S233009240,FAC2330500204,1.0,,POINT Z (306834.566 4119248.288 54.053)
S233001750,FAC2330200018,0.0,,POINT Z (307088.63030510995 4119024.0774312583 59.89115960755508)
S233001750,FAC2330300025,0.0,,POINT Z (307088.63030510995 4119024.0774312583 59.89115960755508)
S233008810,FAC2330200018,1.0,,POINT Z (307125.33848091436 4119117.2224241183 55.52567650000151)
S233008810,FAC2330300025,1.0,,POINT Z (307125.33848091436 4119117.2224241183 55.52567650000151)
S233004250,FAC2330200061,1.0,,POINT Z (307049.96520761447 4119133.5561625524 58.10927650000144)
S233004250,FAC2330300018,1.0,,POINT Z (307049.96520761447 4119133.5561625524 58.10927650000144)
S233004240,FAC2330200061,1.0,,POINT Z (307081.86906477966 4119161.875420815 54.56077650000134)
S233004240,FAC2330300018,1.0,,POINT Z (307081.86906477966 4119161.875420815 54.56077650000134)
S233004140,FAC2330200048,1.0,,POINT Z (307111.57070956175 4119281.1832075305 50.32487650000144)
S233004140,FAC2330200049,1.0,,POINT Z (307111.57070956175 4119281.1832075305 50.32487650000144)
S233004140,FAC2330300027,1.0,,POINT Z (307111.57070956175 4119281.1832075305 50.32487650000144)
S233004150,FAC2330200050,1.0,,POINT Z (307041.954 4119369.592 48.463976500001536)
S233004160,FAC2330300027,1.0,,POINT Z (307016.386 4119402.067 46.574376500001335)
S233004160,FAC2330200048,1.0,,POINT Z (307016.386 4119402.067 46.574376500001335)
S233004160,FAC2330200049,1.0,,POINT Z (307016.386 4119402.067 46.574376500001335)
S233001840,FAC2330200043,0.0,,POINT Z (307048.1595124671 4119499.7476092 48.55301695419007)
S233001840,FAC2330200044,0.0,,POINT Z (307048.1595124671 4119499.7476092 48.55301695419007)
S233001840,FAC2330200045,0.0,,POINT Z (307048.1595124671 4119499.7476092 48.55301695419007)
S233001840,FAC2330200046,0.0,,POINT Z (307048.1595124671 4119499.7476092 48.55301695419007)
S233001840,FAC2330300033,0.0,,POINT Z (307048.1595124671 4119499.7476092 48.55301695419007)
S233001990,FAC2330401538,0.0,,POINT Z (307181.44936625625 4119845.8854301567 68.18291478018969)
S233002470,FAC2330502586,1.0,,POINT Z (307588.10899615975 4119974.286030839 67.75431695426387)
S233006940,FAC2330500563,1.0,,POINT Z (305387.2904355019 4122609.1157820127 37.479576500001485)
S233007030,FAC2330500559,0.0,,POINT Z (305137.2402967373 4123501.0576418624 39.066776500001424)
S233007330,FAC2330500547,1.0,,POINT Z (305240.3196007672 4126308.588675881 42.57177650000153)
S233001330,FAC2330500046,1.0,,POINT Z (307235.3848274122 4119123.9987183823 53.42396991992418)
