NodeID,NodeLat,NodeLon,NodeX,NodeY,NodeType,NodeName,TurnP,Remark,geometry
N413000010,36.5068899,127.2619924,344359,4041577,101,,0,,POINT Z (344359.0200935838 4041576.9503437513 0)
N413000020,36.5067644,127.2619919,344359,4041563,101,,0,,POINT Z (344358.7239624523 4041563.034625675 0)
N413000030,36.5065679,127.2629796,344447,4041540,101,,0,,POINT Z (344446.79465311475 4041539.6427253075 0)
N413000040,36.5065526,127.2630298,344451,4041538,101,,0,,POINT Z (344451.25788691343 4041537.863575862 0)
N413000050,36.5064823,127.2629657,344445,4041530,101,,0,,POINT Z (344445.37880152103 4041530.1579487366 0)
N413000060,36.506467,127.2630156,344450,4041528,101,,0,,POINT Z (344449.81674858846 4041528.390515007 0)
N413000070,36.5059724,127.2649142,344619,4041470,101,,0,,POINT Z (344618.8608622599 4041470.448185341 0)
N413000080,36.5059545,127.2649722,344624,4041468,101,,0,,POINT Z (344624.0194273965 4041468.3699730053 0)
N413000090,36.5058733,127.2649422,344621,4041459,101,,0,,POINT Z (344621.1725606637 4041459.413526509 0)
N413000100,36.5058913,127.2648842,344616,4041461,101,,0,,POINT Z (344616.01590508834 4041461.498323664 0)
N413000110,36.5051673,127.2675237,344851,4041377,101,,0,,POINT Z (344850.96180411614 4041376.9186144546 0)
N413000120,36.5051374,127.267621,344860,4041373,101,,0,,POINT Z (344859.618090637 4041373.44603349 0)
N413000130,36.5050589,127.2675841,344856,4041365,101,,0,,POINT Z (344856.16098076146 4041364.7954346193 0)
N413000140,36.5050869,127.267486,344847,4041368,101,,0,,POINT Z (344847.428873 4041368.068558999 0)
N413000150,36.5047582,127.2688517,344969,4041329,101,,1,,POINT Z (344969.0888952966 4041329.403518845 0)
N413000160,36.5047436,127.2688987,344973,4041328,101,,1,,POINT Z (344973.2706519101 4041327.7033489347 0)
N413000170,36.5046658,127.2688599,344970,4041319,101,,0,,POINT Z (344969.63933900115 4041319.1318569994 0)
N413000180,36.5046805,127.2688116,344965,4041321,101,,0,,POINT Z (344965.3376425804 4041320.8482455066 0)
N413000190,36.5043549,127.2701605,345086,4041283,101,,1,,POINT Z (345085.5000111806 4041282.5486657787 0)
N413000200,36.5043332,127.2702316,345092,4041280,101,,0,,POINT Z (345091.82244785817 4041280.027989514 0)
N413000210,36.5042555,127.2701935,345088,4041271,101,,1,,POINT Z (345088.2547388187 4041271.4671781496 0)
N413000220,36.5042768,127.2701237,345082,4041274,101,,1,,POINT Z (345082.0486225473 4041273.945359042 0)
N413000230,36.5035091,127.269817,345053,4041189,101,,0,,POINT Z (345053.0475844076 4041189.266970096 0)
N413000240,36.5034855,127.2698058,345052,4041187,101,,0,,POINT Z (345052.0038288603 4041186.674659653 0)
N413000250,36.503487,127.2697637,345048,4041187,101,,1,,POINT Z (345048.22858786583 4041186.9072124395 0)
N413000260,36.5035109,127.2697763,345049,4041190,101,,1,,POINT Z (345049.41162374394 4041189.534495541 0)
N413000270,36.5035121,127.2697491,345047,4041190,102,,0,,POINT Z (345046.9720513959 4041189.714399003 0)
N413000280,36.5034879,127.2697372,345046,4041187,102,,0,,POINT Z (345045.8617329104 4041187.0527428202 0)
N413000290,36.5043134,127.2702968,345098,4041278,102,,0,,POINT Z (345097.62323338474 4041277.7222414236 0)
N413000300,36.5042343,127.2702628,345094,4041269,102,,0,,POINT Z (345094.4241740977 4041269.002723764 0)
N413000310,36.5047997,127.2689266,344976,4041334,103,,0,,POINT Z (344975.87657173455 4041333.881068108 0)
N413000320,36.5048139,127.2688804,344972,4041336,103,,0,,POINT Z (344971.76471531286 4041335.5360851097 0)
N413000330,36.5052153,127.2676576,344863,4041382,102,,0,,POINT Z (344863.0570376669 4041382.0330926185 0)
N413000340,36.5052452,127.2675602,344854,4041386,102,,0,,POINT Z (344854.3924429499 4041385.50974836 0)
N413000350,36.5060604,127.2650113,344628,4041480,102,,0,,POINT Z (344627.7349813472 4041480.0573479324 0)
N413000360,36.5060737,127.2649516,344622,4041482,102,,0,,POINT Z (344622.4158845654 4041481.630451354 0)
N413000370,36.506607,127.2630388,344452,4041544,102,,0,,POINT Z (344452.1727985644 4041543.8778767292 0)
N413000380,36.506624,127.2629887,344448,4041546,102,,0,,POINT Z (344447.7213228105 4041545.8471497744 0)
N413000390,36.5064228,127.2629561,344444,4041524,102,,0,,POINT Z (344444.39604623034 4041523.5764824874 0)
N413000400,36.5064045,127.2630052,344449,4041521,102,,0,,POINT Z (344448.76169187593 4041521.4648374426 0)
N413000410,36.5021644,127.2691981,344995,4041041,101,,0,,POINT Z (344994.93621600047 4041041.0836310005 0)
N413000420,36.5022214,127.2692243,344997,4041047,101,,1,,POINT Z (344997.3981430004 4041047.365952 0)
N413000430,36.5022399,127.2691622,344992,4041050,101,,1,,POINT Z (344991.87045443914 4041049.520498722 0)
N413000440,36.5021836,127.2691351,344989,4041043,101,,1,,POINT Z (344989.33621208835 4041043.3200148987 0)
N413000450,36.5012393,127.2688261,344960,4040939,102,,0,,POINT Z (344959.776286474 4040939.053236112 0)
N413000460,36.5011969,127.2688066,344958,4040934,102,,0,,POINT Z (344957.9453677286 4040934.3895129007 0)
N413000470,36.501217,127.2687477,344953,4040937,101,,1,,POINT Z (344952.7122990712 4040936.709924203 0)
N413000480,36.5012604,127.2687685,344955,4040941,101,,1,,POINT Z (344954.65905779065 4040941.487787474 0)
N413000490,36.5012825,127.2687082,344949,4040944,101,,0,,POINT Z (344949.30222019524 4040944.039865691 0)
N413000500,36.5012379,127.2686865,344947,4040939,101,,0,,POINT Z (344947.26598832384 4040939.1218605284 0)
N413000510,36.500071,127.2683458,344914,4040810,102,,0,,POINT Z (344914.42738346197 4040810.2242092406 0)
N413000520,36.5000155,127.2683225,344912,4040804,102,,0,,POINT Z (344912.2307342859 4040804.106502062 0)
N413000530,36.5000533,127.2682003,344901,4040808,101,,0,,POINT Z (344901.35645857325 4040808.4908571173 0)
N413000540,36.5001075,127.2682265,344904,4040814,101,,0,,POINT Z (344903.80933300004 4040814.4588780003 0)
N413000550,36.5001271,127.268162,344898,4040817,101,,0,,POINT Z (344898.0785879183 4040816.7444009967 0)
N413000560,36.5000731,127.2681362,344896,4040811,101,,0,,POINT Z (344895.66048779135 4040810.7873925385 0)
N413000570,36.4987832,127.2675912,344844,4040669,101,,0,,POINT Z (344844.26411588426 4040668.5753181376 0)
N413000580,36.4987404,127.2675738,344843,4040664,101,,0,,POINT Z (344842.61974102136 4040663.84944241 0)
N413000590,36.4987695,127.2675217,344838,4040667,101,,1,,POINT Z (344838.01357732835 4040667.1601746124 0)
N413000600,36.4988089,127.2675418,344840,4040672,101,,1,,POINT Z (344839.8975937229 4040671.5044080615 0)
N413000610,36.498826,127.2675093,344837,4040673,102,,0,,POINT Z (344837.0147363516 4040673.4490349814 0)
N413000620,36.4987884,127.267488,344835,4040669,102,,0,,POINT Z (344835.03885593126 4040669.3118126467 0)
N413000630,36.4980022,127.2672299,344810,4040583,101,,1,,POINT Z (344810.3495055826 4040582.510796479 0)
N413000640,36.4979489,127.2672047,344808,4040577,101,,1,,POINT Z (344807.9864204164 4040576.6394496397 0)
N413000650,36.4979686,127.2671404,344802,4040579,101,,1,,POINT Z (344802.26585114456 4040578.9230993805 0)
N413000660,36.498022,127.2671656,344805,4040585,101,,1,,POINT Z (344804.6256084243 4040584.8064630143 0)
N413000670,36.4979678,127.2673421,344820,4040579,102,,0,,POINT Z (344820.3308459835 4040578.507610592 0)
N413000680,36.4979149,127.267316,344818,4040573,102,,0,,POINT Z (344817.8814400911 4040572.689360807 0)
N413000690,36.4979019,127.2671825,344806,4040571,102,,0,,POINT Z (344805.90022237424 4040571.456059519 0)
N413000700,36.49792,127.2671175,344800,4040574,102,,0,,POINT Z (344800.12007802294 4040573.573242668 0)
N413000710,36.4981536,127.2663888,344735,4040601,102,,0,,POINT Z (344735.317065277 4040600.6617258084 0)
N413000720,36.4981654,127.2663537,344732,4040602,102,,0,,POINT Z (344732.1925312314 4040602.031510756 0)
N413000730,36.498301,127.2664104,344738,4040617,102,,0,,POINT Z (344737.5438459574 4040616.980869368 0)
N413000740,36.4983122,127.2663744,344734,4040618,102,,0,,POINT Z (344734.3363521076 4040618.2758417306 0)
N413000750,36.498268,127.2663683,344734,4040613,101,,0,,POINT Z (344733.7037242715 4040613.384409685 0)
N413000760,36.4982569,127.266404,344737,4040612,101,,0,,POINT Z (344736.88124214235 4040612.0992748663 0)
N413000770,36.4981981,127.2663954,344736,4040606,101,,0,,POINT Z (344735.9894763167 4040605.583717038 0)
N413000780,36.498209,127.2663598,344733,4040607,101,,0,,POINT Z (344732.8300559082 4040606.8548225835 0)
N413000790,36.4986595,127.2645592,344572,4040660,102,,0,,POINT Z (344572.4453421341 4040659.736971184 0)
N413000800,36.4986927,127.2644624,344564,4040664,102,,0,,POINT Z (344563.84692100965 4040663.577194795 0)
N413000810,36.4987817,127.2645045,344568,4040673,101,,0,,POINT Z (344567.79339595605 4040673.376424365 0)
N413000820,36.4988349,127.2645297,344570,4040679,101,,0,,POINT Z (344570.1578988137 4040679.247562626 0)
N413000830,36.4988048,127.2646275,344579,4040676,101,,0,,POINT Z (344578.85261196375 4040675.7513651415 0)
N413000840,36.4987514,127.2646023,344576,4040670,101,,0,,POINT Z (344576.49599241966 4040669.8612064687 0)
N413000850,36.4995085,127.26196,344341,4040758,102,,0,,POINT Z (344341.3414284821 4040758.1198485303 0)
N413000860,36.4995192,127.2619233,344338,4040759,102,,0,,POINT Z (344338.0766336641 4040759.3689888283 0)
N413000870,36.4995699,127.2619481,344340,4040765,101,,1,,POINT Z (344340.3966418476 4040764.954208445 0)
N413000880,36.4995588,127.2619834,344344,4040764,101,,1,,POINT Z (344343.53811288404 4040763.6653329297 0)
N413000890,36.499612,127.2620075,344346,4040770,101,,1,,POINT Z (344345.80479566334 4040769.525890792 0)
N413000900,36.4996229,127.2619721,344343,4040771,101,,1,,POINT Z (344342.65239783074 4040770.7930269754 0)
N413000910,36.5016761,127.2629372,344433,4040997,101,,1,,POINT Z (344433.2078465711 4040997.0189026482 0)
N413000920,36.501662,127.2629832,344437,4040995,101,,1,,POINT Z (344437.29693520546 4040995.3725655586 0)
N413000930,36.5017147,127.2630087,344440,4041001,101,,1,,POINT Z (344439.68214358244 4041001.1861422593 0)
N413000940,36.5017289,127.2629627,344436,4041003,101,,1,,POINT Z (344435.5927072591 4041002.8313212697 0)
N413000950,36.5025848,127.2634165,344478,4041097,101,,0,,POINT Z (344477.9509354406 4041097.0527188056 0)
N413000960,36.5026059,127.2633725,344474,4041099,101,,0,,POINT Z (344474.0488913418 4041099.462869349 0)
N413000970,36.5026341,127.2633856,344475,4041103,101,,0,,POINT Z (344475.28322098404 4041102.564629221 0)
N413000980,36.5026138,127.2634301,344479,4041100,101,,0,,POINT Z (344479.22656183597 4041100.2482713587 0)
N413000990,36.502629,127.2633242,344470,4041102,102,,0,,POINT Z (344469.7731718284 4041102.1038698624 0)
N413001000,36.5026565,127.2633363,344471,4041105,102,,0,,POINT Z (344470.9130070038 4041105.13241249 0)
N413001010,36.5037889,127.2639252,344526,4041230,101,,1,,POINT Z (344525.9249773362 4041229.8148161676 0)
N413001020,36.5037739,127.2639739,344530,4041228,101,,1,,POINT Z (344530.2516176485 4041228.0703734234 0)
N413001030,36.5038289,127.2640016,344533,4041234,101,,1,,POINT Z (344532.8479179704 4041234.12470843 0)
N413001040,36.5038439,127.263953,344529,4041236,101,,1,,POINT Z (344528.52207751694 4041235.8708256427 0)
N413001050,36.5052044,127.2647932,344606,4041385,102,,0,,POINT Z (344606.4914806121 4041385.446372533 0)
N413001060,36.5052634,127.2648312,344610,4041392,102,,0,,POINT Z (344610.0142480675 4041391.931277292 0)
N413001070,36.5053051,127.2647033,344599,4041397,101,,1,,POINT Z (344598.6456194356 4041396.761056366 0)
N413001080,36.5053212,127.2646539,344594,4041399,101,,0,,POINT Z (344594.2453267277 4041398.6299166107 0)
N413001090,36.505261,127.2646252,344592,4041392,101,,0,,POINT Z (344591.5552425637 4041391.99708912 0)
N413001100,36.5052451,127.2646725,344596,4041390,101,,1,,POINT Z (344595.76310881635 4041390.15179529 0)
N413001110,36.5039571,127.2669519,344797,4041244,101,,0,,POINT Z (344797.34073718457 4041243.5825095563 0)
N413001120,36.5039806,127.2669202,344795,4041246,102,,0,,POINT Z (344794.54118689185 4041246.243967524 0)
N413001130,36.5039511,127.2669064,344793,4041243,102,,0,,POINT Z (344793.2498492816 4041242.9938965733 0)
N413001140,36.5039272,127.2669378,344796,4041240,101,,0,,POINT Z (344796.01811638195 4041240.294802158 0)
N413001150,36.5038955,127.2670346,344805,4041237,101,,0,,POINT Z (344804.61860838765 4041236.6244952832 0)
N413001160,36.5038647,127.2670202,344803,4041233,101,,0,,POINT Z (344803.26660069905 4041233.2217160906 0)
N413001170,36.5038378,127.2670554,344806,4041230,102,,0,,POINT Z (344806.3671350215 4041230.1803682535 0)
N413001180,36.5038694,127.2670698,344808,4041234,102,,0,,POINT Z (344807.71739556774 4041233.672858814 0)
N413001190,36.5030515,127.2665237,344757,4041144,101,,0,,POINT Z (344757.1796957649 4041143.8082873593 0)
N413001200,36.5029961,127.2664976,344755,4041138,101,,0,,POINT Z (344754.7301724282 4041137.7068042364 0)
N413001210,36.502966,127.2665952,344763,4041134,101,,0,,POINT Z (344763.40877039236 4041134.209463267 0)
N413001220,36.5030213,127.2666213,344766,4041140,101,,0,,POINT Z (344765.86072340206 4041140.302978786 0)
N413001230,36.5009394,127.2655253,344664,4040911,101,,0,,POINT Z (344663.53231942054 4040911.1018117354 0)
N413001240,36.5009092,127.2656223,344672,4040908,101,,0,,POINT Z (344672.16451320413 4040907.6042471053 0)
N413001250,36.5008561,127.2655971,344670,4040902,101,,0,,POINT Z (344669.79889003246 4040901.7536821254 0)
N413001260,36.500886,127.2655,344661,4040905,101,,0,,POINT Z (344661.16715614754 4040905.226626799 0)
N413001270,36.4998119,127.2651659,344629,4040787,102,,0,,POINT Z (344629.0937910187 4040786.6080611236 0)
N413001280,36.4997743,127.2651438,344627,4040782,102,,0,,POINT Z (344627.0378397275 4040782.468491774 0)
N413001290,36.4998095,127.2649312,344608,4040787,102,,0,,POINT Z (344608.0690062789 4040786.7143569933 0)
N413001300,36.499851,127.2649485,344610,4040791,102,,0,,POINT Z (344609.69511414604 4040791.2956604604 0)
N413001310,36.4998407,127.2650059,344615,4040790,101,,0,,POINT Z (344614.81974429265 4040790.0600370634 0)
N413001320,36.4998222,127.2651086,344624,4040788,101,,0,,POINT Z (344623.9828834317 4040787.8434069315 0)
N413001330,36.4997832,127.2650901,344622,4040784,101,,0,,POINT Z (344622.24704530183 4040783.541599063 0)
N413001340,36.4998003,127.2649868,344613,4040786,101,,0,,POINT Z (344613.0272580529 4040785.60644919 0)
N413001350,36.5023065,127.2612338,344282,4041070,102,,0,,POINT Z (344281.89696478925 4041069.7049106075 0)
N413001360,36.5022948,127.2612647,344285,4041068,102,,0,,POINT Z (344284.6441218435 4041068.3517006706 0)
N413001370,36.5022617,127.2612382,344282,4041065,101,,1,,POINT Z (344282.20686097105 4041064.7297200304 0)
N413001380,36.5022715,127.2612072,344279,4041066,101,,1,,POINT Z (344279.4506814792 4041065.8593605123 0)
N413001390,36.5022214,127.2611692,344276,4041060,101,,0,,POINT Z (344275.94128200016 4041060.3692679973 0)
N413001400,36.5022123,127.2611986,344279,4041059,101,,0,,POINT Z (344278.56296599796 4041059.3082949994 0)
N413001410,36.503389,127.2655513,344671,4041183,102,,0,,POINT Z (344670.76424382336 4041182.8260401944 0)
N413001420,36.5033972,127.2655242,344668,4041184,102,,0,,POINT Z (344668.3519246951 4041183.7730309027 0)
N413001430,36.5033639,127.2655106,344667,4041180,101,,0,,POINT Z (344667.0634492131 4041180.0970542114 0)
N413001440,36.5033557,127.2655369,344669,4041179,101,,0,,POINT Z (344669.40141292656 4041179.1554156356 0)
N413001450,36.5032997,127.2655125,344667,4041173,101,,0,,POINT Z (344667.10908700083 4041172.9791160016 0)
N413001460,36.5033074,127.2654875,344665,4041174,101,,0,,POINT Z (344664.88019200106 4041173.8692650003 0)
N413001470,36.5043379,127.2625413,344403,4041293,102,,0,,POINT Z (344403.0778511673 4041292.9463659693 0)
N413001480,36.5043185,127.2625988,344408,4041291,102,,0,,POINT Z (344408.18644666986 4041290.702776038 0)
N413001490,36.5041799,127.2625162,344401,4041275,102,,0,,POINT Z (344400.50960068876 4041275.4610194704 0)
N413001500,36.5041943,127.2624567,344395,4041277,102,,0,,POINT Z (344395.2072522362 4041277.158817564 0)
N413001510,36.5042341,127.2624809,344397,4041282,101,,0,,POINT Z (344397.4570366198 4041281.533776222 0)
N413001520,36.5042164,127.2625385,344403,4041279,101,,0,,POINT Z (344402.5754031427 4041279.4755613734 0)
N413001530,36.5042771,127.2625743,344406,4041286,101,,0,,POINT Z (344405.90551033354 4041286.156056434 0)
N413001540,36.5042967,127.2625177,344401,4041288,101,,0,,POINT Z (344400.87982415967 4041288.4163909447 0)
N413001550,36.504563,127.2614471,344306,4041320,101,,0,,POINT Z (344305.52629851387 4041319.694663509 0)
N413001560,36.5046264,127.2614781,344308,4041327,101,,0,,POINT Z (344308.42603235075 4041326.676584447 0)
N413001570,36.5045768,127.2694393,345021,4041308,103,,0,,POINT Z (345021.34754899924 4041308.328470999 0)
N413001580,36.5049726,127.2681569,344907,4041354,103,,0,,POINT Z (344907.28358591243 4041354.308826901 0)
N413001590,36.5048499,127.2682627,344917,4041341,103,,0,,POINT Z (344916.5218079989 4041340.5236069993 0)
N413001600,36.5054362,127.2663618,344747,4041409,103,,0,,POINT Z (344747.43721246603 4041408.6282974584 0)
N413001610,36.5057447,127.2656522,344685,4041444,103,,0,,POINT Z (344684.5080979995 4041444.0005719997 0)
N413001620,36.506164,127.2642919,344564,4041493,103,,0,,POINT Z (344563.5095719991 4041492.711162999 0)
N413001630,36.5062834,127.2639046,344529,4041507,103,,0,,POINT Z (344529.06624599994 4041506.57875 0)
N413001640,36.5062199,127.2641107,344547,4041499,103,,0,,POINT Z (344547.3973634336 4041499.2050659223 0)
N413001650,36.5063357,127.2637348,344514,4041513,103,,0,,POINT Z (344513.96131900104 4041512.659758 0)
N413001660,36.5064653,127.2633159,344477,4041528,103,,0,,POINT Z (344476.70598399953 4041527.7164589996 0)
N413001670,36.506142,127.264073,344544,4041491,103,,0,,POINT Z (344543.86266042944 4041490.6194779216 0)
N413001680,36.5062793,127.2636262,344504,4041507,103,,0,,POINT Z (344504.1233709679 4041506.579190964 0)
N413001690,36.5067827,127.2622836,344385,4041565,103,,0,,POINT Z (344384.8898530003 4041564.587290999 0)
N413001700,36.5067097,127.2625203,344406,4041556,103,,0,,POINT Z (344405.9423329999 4041556.112277001 0)
N413001710,36.506638,127.2624625,344401,4041548,103,,0,,POINT Z (344400.62093799945 4041548.2511990005 0)
N413001720,36.5045027,127.2618644,344343,4041312,103,,0,,POINT Z (344342.7765951828 4041312.32409687 0)
N413001730,36.5044069,127.2619192,344347,4041302,103,,0,,POINT Z (344347.49520400027 4041301.6172700003 0)
N413001740,36.5036269,127.2644508,344573,4041211,103,,0,,POINT Z (344572.66991199926 4041210.9893670003 0)
N413001750,36.503456,127.2650056,344622,4041191,103,,0,,POINT Z (344622.0217279998 4041191.131913999 0)
N413001760,36.5032407,127.2657038,344684,4041166,103,,0,,POINT Z (344684.1255619991 4041166.119158999 0)
N413001770,36.5030775,127.2662331,344731,4041147,103,,0,,POINT Z (344731.2028714785 4041147.1681499765 0)
N413001780,36.5029631,127.2668096,344783,4041134,103,,0,,POINT Z (344782.60880300106 4041133.5402780003 0)
N413001790,36.5026481,127.2678312,344873,4041097,103,,0,,POINT Z (344873.4810289999 4041096.9532469995 0)
N413001800,36.5014668,127.2638142,344511,4040972,103,,0,,POINT Z (344511.331524437 4040972.3796985275 0)
N413001810,36.501097,127.2648156,344600,4040930,103,,0,,POINT Z (344600.28794699884 4040929.7325499984 0)
N413001820,36.500695,127.2663177,344734,4040883,103,,0,,POINT Z (344734.02271500113 4040882.714926001 0)
N413001830,36.5002569,127.2599543,344163,4040844,103,,0,,POINT Z (344163.1976011655 4040844.3903399627 0)
N413001840,36.4990925,127.2636944,344496,4040709,103,,0,,POINT Z (344495.85430300044 4040709.173249 0)
N413001850,36.498994,127.2638162,344507,4040698,103,,0,,POINT Z (344506.5687780003 4040698.04924 0)
N413001860,36.4985929,127.2653132,344640,4040651,103,,0,,POINT Z (344639.85268700053 4040651.1364010004 0)
N413001870,36.4984954,127.2654321,344650,4040640,103,,0,,POINT Z (344650.30855100043 4040640.1238229987 0)
N413001880,36.5021716,127.2631695,344455,4041052,103,,0,,POINT Z (344455.0054269306 4041051.6108653047 0)
N413001890,36.5021063,127.2631922,344457,4041044,103,,0,,POINT Z (344456.9031000289 4041044.3261018354 0)
N413001900,36.5030978,127.263657,344501,4041154,103,,0,,POINT Z (344500.5132242681 4041153.5731700454 0)
N413001910,36.5031097,127.2636625,344501,4041155,104,,0,,POINT Z (344501.03623980295 4041154.8833684935 0)
N413001920,36.503125,127.263615,344497,4041157,104,,0,,POINT Z (344496.8110640978 4041156.6584814787 0)
N413001930,36.5031794,127.2636952,344504,4041163,103,,0,,POINT Z (344504.10127665487 4041162.5615462447 0)
N413001940,36.5036804,127.2639301,344526,4041218,104,,0,,POINT Z (344526.1393351372 4041217.768756084 0)
N413001950,36.5036959,127.2638818,344522,4041220,104,,0,,POINT Z (344521.84554496803 4041219.564173468 0)
N413001960,36.5043569,127.2641959,344551,4041292,103,,0,,POINT Z (344551.2993933591 4041292.381544154 0)
N413001970,36.5047923,127.2644454,344575,4041340,103,,0,,POINT Z (344574.5216986485 4041340.2846347704 0)
N413001980,36.4990415,127.2646275,344579,4040702,103,,0,,POINT Z (344579.3248660002 4040702.009445 0)
N413001990,36.4994695,127.2648299,344598,4040749,103,,0,,POINT Z (344598.3137800008 4040749.164813 0)
N413002000,36.5000331,127.2652083,344633,4040811,103,,0,,POINT Z (344633.3288475858 4040811.070908097 0)
N413002010,36.5014754,127.2658902,344697,4040970,103,,0,,POINT Z (344697.29372200096 4040969.9775259974 0)
N413002020,36.5017728,127.2659199,344701,4041003,103,,0,,POINT Z (344700.54426700075 4041002.9281270006 0)
N413002030,36.5019961,127.2661363,344720,4041027,103,,0,,POINT Z (344720.3720209993 4041027.3546609995 0)
N413002040,36.5021992,127.2662324,344729,4041050,103,,0,,POINT Z (344729.3833119996 4041049.7221709997 0)
N413002050,36.5019999,127.2660267,344711,4041028,103,,0,,POINT Z (344710.56093604234 4041027.95206055 0)
N413002060,36.5023604,127.266197,344727,4041068,103,,0,,POINT Z (344726.5384519994 4041067.6720509985 0)
N413002070,36.5027893,127.2663999,344746,4041115,103,,0,,POINT Z (344745.5626450007 4041114.927661999 0)
N413002080,36.502467,127.2662477,344731,4041079,103,,0,,POINT Z (344731.289638001 4041079.410773 0)
N413002090,36.5038343,127.2668942,344792,4041230,103,,0,,POINT Z (344791.9218780003 4041230.054443 0)
N413002100,36.504148,127.2671539,344816,4041264,103,,0,,POINT Z (344815.81181052764 4041264.437331029 0)
N413002110,36.5042105,127.2670723,344809,4041272,103,,0,,POINT Z (344808.626512999 4041271.5073430003 0)
N413002120,36.5043054,127.2672283,344823,4041282,103,,0,,POINT Z (344822.78404555557 4041281.780130566 0)
N413002130,36.5046606,127.2673965,344839,4041321,103,,0,,POINT Z (344838.5625269993 4041320.9103989988 0)
N413002140,36.5046859,127.2672968,344830,4041324,103,,0,,POINT Z (344829.6799399997 4041323.881289001 0)
N413002150,36.4984435,127.2674379,344830,4040631,103,,0,,POINT Z (344829.8552957275 4040631.132696748 0)
N413002160,36.4985851,127.2674319,344830,4040647,103,,0,,POINT Z (344829.6015955121 4040646.8474968993 0)
N413002170,36.499012,127.26769,344854,4040694,103,,0,,POINT Z (344853.57689550763 4040693.79099681 0)
N413002180,36.4991804,127.2677698,344861,4040712,103,,0,,POINT Z (344861.0577955565 4040712.350996756 0)
N413002190,36.4992485,127.2678029,344864,4040720,103,,0,,POINT Z (344864.15569555725 4040719.853446547 0)
N413002200,36.4993991,127.2678853,344872,4040736,103,,0,,POINT Z (344871.8360955502 4040736.419696846 0)
N413002210,36.4994925,127.2679361,344877,4040747,103,,0,,POINT Z (344876.5762955353 4040746.7082967665 0)
N413002220,36.5007012,127.2684332,344924,4040880,103,,0,,POINT Z (344923.5089955291 4040879.9975970127 0)
N413002230,36.5008609,127.2685796,344937,4040897,103,,0,,POINT Z (344936.940195495 4040897.476497108 0)
N413002240,36.5016108,127.2689377,344971,4040980,103,,0,,POINT Z (344970.5154955535 4040980.0930969412 0)
N413002250,36.501627,127.2688712,344965,4040982,103,,0,,POINT Z (344964.5864208485 4040981.9947504485 0)
N413002260,36.5016287,127.2689459,344971,4040982,103,,0,,POINT Z (344971.28576338803 4040982.062802785 0)
N413002270,36.5040676,127.2701,345080,4041251,103,,0,,POINT Z (345079.50719532336 4041250.770197817 0)
N413002280,36.5038432,127.2699923,345069,4041226,103,,0,,POINT Z (345069.41389580944 4041226.0531971236 0)
N413002290,36.506863,127.2617519,344337,4041574,101,,0,,POINT Z (344337.4295319382 4041574.3558949083 0)
N413002300,36.5068337,127.2617523,344337,4041571,101,,0,,POINT Z (344337.4090713334 4041571.106483336 0)
N413002310,36.5053878,127.2615382,344315,4041411,103,,0,,POINT Z (344315.33656950365 4041411.0438244306 0)
N413002320,36.5054228,127.2617957,344338,4041415,103,,0,,POINT Z (344338.46670108347 4041414.5150612276 0)
N413002330,36.5046883,127.2612536,344288,4041334,101,,0,,POINT Z (344288.44439323165 4041333.902497574 0)
N413002340,36.5046219,127.2612224,344286,4041327,101,,0,,POINT Z (344285.51877664356 4041326.5910588223 0)
N413002350,36.5037736,127.2610753,344271,4041233,101,,0,,POINT Z (344270.6444419655 4041232.7211812665 0)
N413002360,36.5037377,127.2610585,344269,4041229,101,,0,,POINT Z (344269.0698178826 4041228.760006195 0)
N413002370,36.5025653,127.2602475,344194,4041100,101,,0,,POINT Z (344194.0777985293 4041100.015379573 0)
N413002380,36.5025081,127.2602204,344192,4041094,101,,1,,POINT Z (344191.5395849625 4041093.7052028035 0)
N413002390,36.5024387,127.260445,344212,4041086,101,,0,,POINT Z (344211.5177540891 4041085.6436324134 0)
N413002400,36.5024975,127.2604732,344214,4041092,101,,1,,POINT Z (344214.1628411782 4041092.1251753345 0)
N413002410,36.5013662,127.2596755,344140,4040968,101,,0,,POINT Z (344140.4489735772 4040967.9070039717 0)
N413002420,36.5013369,127.2596626,344139,4040965,101,,0,,POINT Z (344139.23090642155 4040964.6845878754 0)
N413002430,36.5012201,127.2598807,344159,4040951,101,,0,,POINT Z (344158.52953288355 4040951.365325277 0)
N413002440,36.5011957,127.2598702,344158,4040949,101,,0,,POINT Z (344157.5478939215 4040948.675715548 0)
N413002450,36.5010293,127.2595199,344126,4040931,103,,0,,POINT Z (344125.83271348826 4040930.7807792486 0)
N413002460,36.5009885,127.2597819,344149,4040926,103,,0,,POINT Z (344149.2152024439 4040925.835946775 0)
N413002470,36.5004858,127.2592506,344101,4040871,101,,0,,POINT Z (344100.6263064266 4040870.929295414 0)
N413002480,36.5004184,127.2592204,344098,4040863,101,,0,,POINT Z (344097.78045593825 4040863.494024106 0)
N413002490,36.500405,127.2594967,344123,4040862,101,,0,,POINT Z (344122.5017925664 4040861.564833059 0)
N413002500,36.5003275,127.259459,344119,4040853,101,,0,,POINT Z (344118.9762161652 4040853.026828045 0)
N413002510,36.5032849,127.2608452,344249,4041179,103,,0,,POINT Z (344249.0603190446 4041178.878338219 0)
N413002520,36.5043099,127.2613263,344294,4041292,103,,0,,POINT Z (344294.1989271253 4041291.8044413696 0)
N413002530,36.5048277,127.2615745,344317,4041349,103,,0,,POINT Z (344317.4645548158 4041348.8527468303 0)
N413002540,36.5049388,127.2613708,344299,4041362,103,,0,,POINT Z (344299.44191975694 4041361.505065802 0)
N413002550,36.5044032,127.2611192,344276,4041302,103,,0,,POINT Z (344275.83809043164 4041302.4910844862 0)
N413002560,36.5039322,127.2608935,344255,4041251,103,,0,,POINT Z (344254.67643517104 4041250.6051344094 0)
N413002570,36.5020313,127.2599946,344170,4041041,103,,0,,POINT Z (344170.35826380947 4041041.178341382 0)
N413002580,36.5015901,127.2597834,344151,4040993,103,,0,,POINT Z (344150.55560281896 4040992.576069173 0)
N413002590,36.5006321,127.2594849,344122,4040887,104,,0,,POINT Z (344121.90304598934 4040886.7731735706 0)
N413002600,36.5006433,127.2594449,344118,4040888,104,,0,,POINT Z (344118.34541311004 4040888.0799845806 0)
N413002610,36.5071152,127.2619843,344359,4041602,102,,0,,POINT Z (344358.75331081497 4041601.963887808 0)
N413002620,36.5071151,127.2618832,344350,4041602,102,,0,,POINT Z (344349.6926872433 4041602.1136036213 0)
N413002630,36.507115,127.2618409,344346,4041602,102,,0,,POINT Z (344345.90337039117 4041602.1762203076 0)
N413002640,36.5071149,127.2617435,344337,4041602,102,,0,,POINT Z (344337.1811527094 4041602.3203571946 0)
N413002650,36.506871,127.2616508,344328,4041575,102,,0,,POINT Z (344328.3881470497 4041575.4084387925 0)
N413002660,36.5068425,127.2616505,344328,4041572,102,,0,,POINT Z (344328.3117603601 4041572.2447779025 0)
N413002670,36.5037319,127.2611582,344278,4041228,102,,0,,POINT Z (344277.9820452306 4041227.962786843 0)
N413002680,36.5037001,127.2611389,344276,4041224,102,,0,,POINT Z (344276.18981368735 4041224.467611735 0)
N413002690,36.5025476,127.2600894,344180,4041098,102,,0,,POINT Z (344179.8837560696 4041098.301924297 0)
N413002700,36.5026001,127.2601366,344184,4041104,102,,0,,POINT Z (344184.21771586785 4041104.0551427854 0)
N413002710,36.5014227,127.2595448,344129,4040974,102,,0,,POINT Z (344128.8573484146 4040974.3854113463 0)
N413002720,36.5013929,127.25953,344127,4040971,102,,0,,POINT Z (344127.4726487093 4040971.1110206116 0)
N413002730,36.5011521,127.260054,344174,4040944,102,,0,,POINT Z (344173.91988883266 4040943.5462732245 0)
N413002740,36.5011273,127.2600479,344173,4040941,102,,0,,POINT Z (344173.3181029059 4040940.807622579 0)
N413002750,36.5005182,127.2591448,344091,4040875,102,,0,,POINT Z (344091.21591350576 4040874.6897420385 0)
N413002760,36.500457,127.2591087,344088,4040868,102,,0,,POINT Z (344087.8583274712 4040867.9591575754 0)
N413002770,36.50025,127.2594214,344115,4040844,102,,0,,POINT Z (344115.4506331483 4040844.4888157407 0)
N413002780,36.5002754,127.2593164,344106,4040847,102,,0,,POINT Z (344106.0963032282 4040847.481026407 0)
N413002790,36.5002852,127.2592762,344103,4040849,102,,0,,POINT Z (344102.51322739554 4040848.627163639 0)
N413002800,36.5003104,127.2591719,344093,4040852,102,,0,,POINT Z (344093.22708554135 4040851.5975782447 0)
N413002810,36.5057578,127.2617833,344338,4041452,104,,0,,POINT Z (344338.03007793863 4041451.704093067 0)
N413002820,36.5057651,127.2617421,344334,4041453,104,,0,,POINT Z (344334.35716425715 4041452.5731955413 0)
N413002830,36.502522,127.2603919,344207,4041095,101,,1,,POINT Z (344206.93162561936 4041094.969810776 0)
N413002850,36.5024748,127.2603278,344201,4041090,101,,1,,POINT Z (344201.09537313296 4041089.843295989 0)
N413002870,36.504732,127.2610871,344274,4041339,102,,0,,POINT Z (344273.6198440782 4041339.0185494316 0)
N413002880,36.5046655,127.2610556,344271,4041332,102,,0,,POINT Z (344270.6635885594 4041331.6952353716 0)
N413002890,36.5057847,127.2616459,344326,4041455,103,,0,,POINT Z (344325.77367885836 4041454.9027823973 0)
N413002900,36.5057459,127.2618829,344347,4041450,103,,0,,POINT Z (344346.92463927437 4041450.2227096073 0)
N413002910,36.5055211,127.2618243,344341,4041425,103,,0,,POINT Z (344341.2267421682 4041425.3716656226 0)
N413002920,36.5054881,127.261815,344340,4041422,103,,0,,POINT Z (344340.3291588796 4041421.7305305153 0)
N413002930,36.5055583,127.2615892,344320,4041430,103,,0,,POINT Z (344320.2423185009 4041429.8812249983 0)
N413002940,36.505333,127.2615206,344314,4041405,103,,0,,POINT Z (344313.65425246547 4041404.9934447366 0)
N413002950,36.5052822,127.2615042,344312,4041399,103,,0,,POINT Z (344312.08214749483 4041399.392428795 0)
N413002960,36.504794,127.2613031,344293,4041346,103,,0,,POINT Z (344293.0891940467 4041345.551747875 0)
N413002970,36.5047347,127.26153,344313,4041339,103,,0,,POINT Z (344313.2951173058 4041338.603834055 0)
N413002980,36.5045234,127.2611761,344281,4041316,103,,0,,POINT Z (344281.1779409668 4041315.7405700246 0)
N413002990,36.504448,127.2613925,344300,4041307,103,,0,,POINT Z (344300.40614128084 4041307.0187446927 0)
N413003000,36.5040175,127.260934,344258,4041260,103,,0,,POINT Z (344258.47885590873 4041260.0024261693 0)
N413003010,36.5039414,127.2611528,344278,4041251,103,,0,,POINT Z (344277.91944316716 4041251.2052935744 0)
N413003020,36.5037382,127.2608019,344246,4041229,103,,0,,POINT Z (344246.0847598265 4041229.2386080613 0)
N413003030,36.5036705,127.2610273,344266,4041221,103,,0,,POINT Z (344266.1426911148 4041221.3603388607 0)
N413003040,36.5027387,127.2603291,344202,4041119,103,,0,,POINT Z (344201.7420439366 4041119.119191573 0)
N413003050,36.5026694,127.260555,344222,4041111,103,,0,,POINT Z (344221.8352009731 4041111.06123188 0)
N413003060,36.5022793,127.2603698,344204,4041068,103,,0,,POINT Z (344204.4598217689 4041068.0823889677 0)
N413003070,36.5023486,127.2601451,344184,4041076,103,,0,,POINT Z (344184.4723742644 4041076.1312302016 0)
N413003080,36.5019398,127.2599509,344166,4041031,103,,0,,POINT Z (344166.26249607175 4041031.09990232 0)
N413003090,36.5014894,127.2599957,344169,4040981,103,,0,,POINT Z (344169.37103493663 4040981.0600906378 0)
N413003100,36.5014788,127.2597282,344145,4040980,103,,0,,POINT Z (344145.39565413655 4040980.3193553346 0)
N413003110,36.5013978,127.2599565,344166,4040971,103,,0,,POINT Z (344165.6809030343 4040970.959489142 0)
N413003120,36.5012719,127.2596328,344136,4040958,103,,0,,POINT Z (344136.43670113117 4040957.520815423 0)
N413003130,36.5011829,127.2595918,344133,4040948,103,,0,,POINT Z (344132.5813196235 4040947.7090219343 0)
N413003140,36.5010956,127.2595517,344129,4040938,103,,0,,POINT Z (344128.81467596523 4040938.0847782637 0)
N413003150,36.501145,127.2598486,344156,4040943,103,,0,,POINT Z (344155.5089095146 4040943.0890665906 0)
N413003160,36.5007331,127.259362,344111,4040898,103,,0,,POINT Z (344111.0983667625 4040898.1814647582 0)
N413003170,36.5006777,127.2593367,344109,4040892,103,,0,,POINT Z (344108.7218635158 4040892.080358466 0)
N413003180,36.5006491,127.2596213,344134,4040888,103,,0,,POINT Z (344134.153210433 4040888.448048312 0)
N413003190,36.5005974,127.2595949,344132,4040883,103,,0,,POINT Z (344131.68413743516 4040882.7514389744 0)
N413003200,36.4996887,127.262003,344346,4040778,102,,0,,POINT Z (344345.55453206 4040778.043146722 0)
N413003210,36.4996792,127.2620395,344349,4040777,102,,0,,POINT Z (344348.8035526058 4040776.928267385 0)
N413003220,36.5016183,127.2629101,344431,4040991,102,,0,,POINT Z (344430.6569888592 4040990.646342775 0)
N413003230,36.5016042,127.2629557,344435,4040989,102,,0,,POINT Z (344434.7196918394 4040989.0106873973 0)
N413003240,36.5068251,127.2621663,344374,4041569,103,,0,,POINT Z (344374.4663119168 4041569.4886418576 0)
N413003250,36.5067323,127.262137,344372,4041559,103,,0,,POINT Z (344371.65507010336 4041559.2431269507 0)
N413003260,36.5067189,127.2621977,344377,4041558,103,,0,,POINT Z (344377.0652225692 4041557.656829263 0)
N413003270,36.5063862,127.2632805,344473,4041519,103,,0,,POINT Z (344473.37357165065 4041518.9983997107 0)
N413003280,36.5061298,127.2644031,344573,4041489,103,,0,,POINT Z (344573.4068494535 4041488.74118992 0)
N413003290,36.5060492,127.2643723,344570,4041480,103,,0,,POINT Z (344570.4846831099 4041479.8471306786 0)
N413003300,36.5060862,127.2645449,344586,4041484,103,,0,,POINT Z (344586.0209821213 4041483.671148094 0)
N413003310,36.5060575,127.264638,344594,4041480,103,,0,,POINT Z (344594.2939552616 4041480.3371715485 0)
N413003320,36.5060075,127.264508,344583,4041475,103,,0,,POINT Z (344582.5543276408 4041474.9956023674 0)
N413003330,36.5059779,127.2646041,344591,4041472,103,,0,,POINT Z (344591.10466735746 4041471.561563201 0)
N413003340,36.5060195,127.2647614,344605,4041476,103,,0,,POINT Z (344605.27620547824 4041475.9202548764 0)
N413003350,36.5059394,127.264729,344602,4041467,103,,0,,POINT Z (344602.20709117624 4041467.082710508 0)
N413003360,36.5059074,127.264832,344611,4041463,103,,0,,POINT Z (344611.37384273077 4041463.375766198 0)
N413003370,36.5059884,127.2648622,344614,4041472,103,,0,,POINT Z (344614.23483228707 4041472.311714976 0)
N413003380,36.5059998,127.2649243,344620,4041473,103,,0,,POINT Z (344619.8211572869 4041473.468778045 0)
N413003390,36.5059656,127.2649763,344624,4041470,103,,0,,POINT Z (344624.40926408046 4041469.5962147852 0)
N413003400,36.5059498,127.2649875,344625,4041468,103,,0,,POINT Z (344625.3820564229 4041467.8211854277 0)
N413003410,36.5058725,127.2648777,344615,4041459,103,,0,,POINT Z (344615.39835438674 4041459.4215400172 0)
N413003420,36.5058664,127.2649398,344621,4041459,103,,0,,POINT Z (344620.9465830927 4041458.6515225032 0)
N413003430,36.5058693,127.2649554,344622,4041459,103,,0,,POINT Z (344622.34462517384 4041458.939480445 0)
N413003440,36.5059197,127.2650851,344634,4041464,103,,0,,POINT Z (344634.06310771406 4041464.3244522796 0)
N413003450,36.5058388,127.2650536,344631,4041455,103,,0,,POINT Z (344631.0774278294 4041455.4078310085 0)
N413003460,36.5057981,127.2651875,344643,4041451,103,,0,,POINT Z (344642.99611366226 4041450.669477118 0)
N413003470,36.5058768,127.265224,344646,4041459,103,,0,,POINT Z (344646.4160692052 4041459.3431340423 0)
N413003480,36.5058509,127.2653075,344654,4041456,103,,0,,POINT Z (344653.84211392107 4041456.3375846893 0)
N413003490,36.5057725,127.2652706,344650,4041448,103,,0,,POINT Z (344650.3861808444 4041447.6965553905 0)
N413003500,36.5058203,127.265407,344663,4041453,103,,0,,POINT Z (344662.69682276685 4041452.7787095173 0)
N413003510,36.5057431,127.2653658,344659,4041444,103,,0,,POINT Z (344658.8492110142 4041444.2838518093 0)
N413003520,36.5055719,127.2659209,344708,4041424,103,,0,,POINT Z (344708.2208155908 4041424.3934524064 0)
N413003530,36.5056517,127.2659544,344711,4041433,103,,0,,POINT Z (344711.38671475113 4041433.189557496 0)
N413003540,36.5055498,127.2662845,344741,4041421,103,,0,,POINT Z (344740.7475702265 4041421.357849352 0)
N413003550,36.5054708,127.2662498,344737,4041413,103,,0,,POINT Z (344737.4816821716 4041412.64284745 0)
N413003560,36.5055123,127.2664066,344752,4041417,103,,0,,POINT Z (344751.6066733143 4041416.9998008967 0)
N413003570,36.5052266,127.2673305,344834,4041384,103,,0,,POINT Z (344833.7793136393 4041383.810708319 0)
N413003580,36.5052164,127.2673638,344837,4041383,103,,0,,POINT Z (344836.7390569992 4041382.623448998 0)
N413003590,36.5051385,127.2673249,344833,4041374,103,,0,,POINT Z (344833.1056883128 4041374.0536644515 0)
N413003600,36.5051487,127.2672919,344830,4041375,103,,0,,POINT Z (344830.16762393445 4041375.230840548 0)
N413003610,36.5050557,127.2678867,344883,4041364,103,,0,,POINT Z (344883.25610899925 4041363.961473 0)
N413003620,36.504976,127.2678552,344880,4041355,103,,0,,POINT Z (344880.27167999896 4041355.162055 0)
N413003630,36.5048021,127.2687096,344956,4041335,103,,0,,POINT Z (344956.44795914774 4041334.501465476 0)
N413003640,36.5047229,127.2686749,344953,4041326,103,,0,,POINT Z (344953.1846700004 4041325.7652729973 0)
N413003650,36.5046754,127.26912,344993,4041320,103,,0,,POINT Z (344992.94767518877 4041319.7825152944 0)
N413003660,36.5045968,127.2690834,344990,4041311,103,,0,,POINT Z (344989.51148271817 4041311.1188089503 0)
N413003670,36.5044014,127.2700087,345072,4041288,103,,0,,POINT Z (345071.99536200095 4041287.952694998 0)
N413003680,36.5043226,127.269974,345069,4041279,103,,0,,POINT Z (345068.7336114879 4041279.263741992 0)
N413003690,36.5041751,127.270154,345085,4041263,103,,0,,POINT Z (345084.56445639324 4041262.611553004 0)
N413003700,36.5040277,127.2700802,345078,4041246,103,,0,,POINT Z (345077.6573125039 4041246.38591882 0)
N413003710,36.5040474,127.270016,345072,4041249,103,,0,,POINT Z (345071.9443225315 4041248.666538768 0)
N413003720,36.5036588,127.2698915,345060,4041206,103,,0,,POINT Z (345060.0202484863 4041205.7588202013 0)
N413003730,36.5036707,127.2698544,345057,4041207,103,,0,,POINT Z (345056.71958647796 4041207.1390236807 0)
N413003740,36.5037758,127.2641735,344548,4041228,103,,0,,POINT Z (344548.1375568451 4041227.953173377 0)
N413003750,36.5037682,127.2641982,344550,4041227,103,,0,,POINT Z (344550.3315330233 4041227.072920585 0)
N413003760,36.5037198,127.2641492,344546,4041222,103,,0,,POINT Z (344545.8488151857 4041221.78213967 0)
N413003770,36.5037125,127.2641728,344548,4041221,103,,0,,POINT Z (344547.94828407513 4041220.936769947 0)
N413003780,36.5037079,127.2643942,344568,4041220,103,,0,,POINT Z (344567.76404156047 4041220.0718264654 0)
N413003790,36.5036529,127.2643668,344565,4041214,103,,0,,POINT Z (344565.20269799995 4041214.005518999 0)
N413003800,36.503274,127.2654738,344664,4041170,102,,0,,POINT Z (344663.5917165164 4041170.193288309 0)
N413003810,36.5032664,127.2654981,344666,4041169,102,,0,,POINT Z (344665.7462561051 4041169.3084914405 0)
N413003820,36.5031067,127.266345,344741,4041150,103,,0,,POINT Z (344741.28413760965 4041150.225089529 0)
N413003830,36.5030508,127.2663205,344739,4041144,103,,0,,POINT Z (344738.9755257206 4041144.0555568216 0)
N413003840,36.5028203,127.2664146,344747,4041118,103,,0,,POINT Z (344746.94178852625 4041118.338371373 0)
N413003850,36.5027913,127.2665126,344756,4041115,103,,0,,POINT Z (344755.66426798084 4041114.963153252 0)
N413003860,36.5027755,127.2674182,344837,4041112,103,,0,,POINT Z (344836.74337902264 4041111.750826027 0)
N413003870,36.5016615,127.2631815,344455,4040995,103,,0,,POINT Z (344455.0562729521 4040995.002298812 0)
N413003880,36.5016088,127.2631559,344453,4040989,103,,0,,POINT Z (344452.6590316424 4040989.1926231184 0)
N413003890,36.5009424,127.2653171,344645,4040912,103,,0,,POINT Z (344644.8932461686 4040911.774107251 0)
N413003900,36.500996,127.2653421,344647,4040918,103,,0,,POINT Z (344647.23972541513 4040917.679522908 0)
N413003910,36.5003845,127.2595588,344128,4040859,103,,0,,POINT Z (344128.02237244055 4040859.1910625375 0)
N413003920,36.5003717,127.2595975,344131,4040858,103,,0,,POINT Z (344131.4638910171 4040857.7112586843 0)
N413003930,36.5003448,127.2596792,344139,4040855,103,,0,,POINT Z (344138.7298421718 4040854.5870034425 0)
N413003940,36.5003187,127.2597603,344146,4040852,103,,0,,POINT Z (344145.9422928759 4040851.5598957143 0)
N413003950,36.5003106,127.2595236,344125,4040851,103,,0,,POINT Z (344124.72547683003 4040851.0519220354 0)
N413003960,36.5002999,127.2595648,344128,4040850,103,,0,,POINT Z (344128.39532963873 4040849.791305269 0)
N413003970,36.5002781,127.2596469,344136,4040847,103,,0,,POINT Z (344135.70638975536 4040847.2464361712 0)
N413003980,36.5002538,127.2597267,344143,4040844,103,,0,,POINT Z (344142.8061569991 4040844.417886 0)
N413003990,36.5000925,127.2602524,344190,4040826,103,,0,,POINT Z (344189.56622832 4040825.674481182 0)
N413004000,36.5001454,127.2602782,344192,4040832,103,,0,,POINT Z (344191.9788399999 4040831.504261 0)
N413004010,36.4997589,127.2611662,344271,4040787,102,,0,,POINT Z (344270.74297154706 4040787.182173218 0)
N413004020,36.4997458,127.2612077,344274,4040786,102,,0,,POINT Z (344274.4346275306 4040785.659388512 0)
N413004030,36.4998035,127.2611892,344273,4040792,101,,0,,POINT Z (344272.88828875765 4040792.0939071486 0)
N413004040,36.4997907,127.2612307,344277,4040791,101,,0,,POINT Z (344276.5793733597 4040790.607811559 0)
N413004050,36.4981542,127.2673019,344817,4040599,103,,0,,POINT Z (344817.0971956915 4040599.252497313 0)
N413004060,36.4981737,127.2672371,344811,4040602,103,,0,,POINT Z (344811.331191486 4040601.52486983 0)
N413004070,36.4986698,127.2675424,344840,4040656,103,,0,,POINT Z (344839.67099076405 4040656.071845392 0)
N413004080,36.4986865,127.2674805,344834,4040658,103,,0,,POINT Z (344834.1626512804 4040658.0168032753 0)
N413004090,36.4989612,127.267666,344851,4040688,103,,0,,POINT Z (344851.32233044994 4040688.1944238986 0)
N413004100,36.4989688,127.2676316,344848,4040689,103,,0,,POINT Z (344848.25908180454 4040689.095776795 0)
N413004110,36.4991899,127.2677361,344858,4040713,103,,0,,POINT Z (344858.05821665307 4040713.457287975 0)
N413004120,36.499256,127.2677669,344861,4040721,103,,0,,POINT Z (344860.94556451903 4040720.7337034945 0)
N413004130,36.4998502,127.2681046,344892,4040786,103,,0,,POINT Z (344892.3787903774 4040786.11619715 0)
N413004140,36.4998706,127.2680401,344887,4040788,103,,0,,POINT Z (344886.64749544096 4040788.485697666 0)
N413004150,36.5005331,127.2683542,344916,4040861,103,,0,,POINT Z (344916.10350874683 4040861.475337046 0)
N413004160,36.500516,127.2684188,344922,4040859,103,,0,,POINT Z (344921.85579603206 4040859.4668974224 0)
N413004170,36.5010758,127.2686801,344946,4040921,103,,0,,POINT Z (344946.37400415115 4040921.1586920707 0)
N413004180,36.5010932,127.2686181,344941,4040923,103,,0,,POINT Z (344940.85519331845 4040923.1794257048 0)
N413004190,36.5015447,127.2689055,344967,4040973,103,,0,,POINT Z (344967.498795524 4040972.8053972474 0)
N413004200,36.5015648,127.2688414,344962,4040975,103,,0,,POINT Z (344961.79604313045 4040975.142340856 0)
N413004210,36.5017153,127.268913,344969,4040992,103,,0,,POINT Z (344968.50359557103 4040991.721196967 0)
N413004220,36.501696,127.2689774,344974,4040989,103,,0,,POINT Z (344974.2406031229 4040989.4764816626 0)
N413004230,36.4990098,127.2647239,344588,4040698,103,,0,,POINT Z (344587.89800759114 4040698.3372156415 0)
N413004240,36.5006488,127.2654986,344661,4040879,103,,0,,POINT Z (344660.5628336159 4040878.906300198 0)
N413004250,36.5006788,127.2654021,344652,4040882,103,,0,,POINT Z (344651.9852514415 4040882.3918019547 0)
N413004260,36.501159,127.2657409,344683,4040935,103,,0,,POINT Z (344683.2820652375 4040935.1225647945 0)
N413004270,36.5011893,127.265643,344675,4040939,103,,0,,POINT Z (344674.5786677754 4040938.6383783277 0)
N413004280,36.5016446,127.2659704,344705,4040989,103,,0,,POINT Z (344704.80673109996 4040988.6191095603 0)
N413004290,36.5017668,127.266028,344710,4041002,103,,0,,POINT Z (344710.2129883367 4041002.088274275 0)
N413004300,36.5016748,127.2658731,344696,4040992,103,,0,,POINT Z (344696.1608249559 4040992.1355709066 0)
N413004310,36.5017992,127.2659322,344702,4041006,103,,0,,POINT Z (344701.69998662977 4041005.8335790476 0)
N413004320,36.5021503,127.266209,344727,4041044,103,,0,,POINT Z (344727.1948838854 4041044.3390815635 0)
N413004330,36.5021795,127.2661116,344719,4041048,103,,0,,POINT Z (344718.5299349871 4041047.740701234 0)
N413004340,36.503715,127.2669493,344797,4041217,103,,0,,POINT Z (344796.6221060006 4041216.7349030003 0)
N413004350,36.503749,127.2668539,344788,4041221,103,,0,,POINT Z (344788.1401889243 4041220.659847298 0)
N413004360,36.5041751,127.2670551,344807,4041268,103,,0,,POINT Z (344807.01315952017 4041267.6045537456 0)
N413004370,36.504229,127.2671926,344819,4041273,103,,0,,POINT Z (344819.43582023215 4041273.3641200713 0)
N413004380,36.5042566,127.2670941,344811,4041277,103,,0,,POINT Z (344810.6688860387 4041276.5786925307 0)
N413004390,36.5048836,127.2675018,344848,4041345,103,,0,,POINT Z (344848.4372864586 4041345.484957106 0)
N413004400,36.5049121,127.2674036,344840,4041349,103,,0,,POINT Z (344839.69976609596 4041348.80172368 0)
N413004410,36.5018774,127.2630849,344447,4041019,103,,0,,POINT Z (344446.8370091635 4041019.1096887244 0)
N413004420,36.5018903,127.2630381,344443,4041021,103,,0,,POINT Z (344442.67017581523 4041020.6153152497 0)
N413004430,36.502485,127.2633697,344474,4041086,103,,0,,POINT Z (344473.5583395547 4041086.048892735 0)
N413004440,36.5024993,127.2633226,344469,4041088,103,,0,,POINT Z (344469.3735008672 4041087.714415502 0)
N413004450,36.5025914,127.2634794,344484,4041098,102,,0,,POINT Z (344483.5967758129 4041097.680488088 0)
N413004460,36.5025617,127.2634648,344482,4041094,102,,0,,POINT Z (344482.2266549533 4041094.411718293 0)
N413004470,36.5027204,127.26348,344484,4041112,103,,0,,POINT Z (344483.91273164575 4041111.9875250733 0)
N413004480,36.5027391,127.2634347,344480,4041114,103,,0,,POINT Z (344479.8889895062 4041114.1373356814 0)
N413004490,36.5036579,127.2639195,344525,4041215,103,,0,,POINT Z (344525.1491120639 4041215.288163217 0)
N413004500,36.5036729,127.263871,344521,4041217,103,,0,,POINT Z (344520.83583535865 4041217.0270136376 0)
N413004510,36.5050842,127.2645898,344588,4041372,103,,0,,POINT Z (344588.0384734161 4041372.4396875836 0)
N413004520,36.5056893,127.264879,344615,4041439,103,,0,,POINT Z (344615.14687168854 4041439.094699746 0)
N413004530,36.5027948,127.2673557,344831,4041114,101,,1,,POINT Z (344831.17814967886 4041113.9937298223 0)
N413004540,36.5027812,127.2673998,344835,4041112,101,,1,,POINT Z (344835.10174634936 4041112.412438762 0)
N413004550,36.5027409,127.2673248,344828,4041108,101,,0,,POINT Z (344828.31023599993 4041108.0593119985 0)
N413004560,36.5027261,127.2673728,344833,4041106,101,,0,,POINT Z (344832.57256799896 4041106.345132 0)
N413004570,36.5028445,127.2673851,344834,4041119,102,,0,,POINT Z (344833.9182917457 4041119.4531906256 0)
N413004580,36.5028322,127.2674248,344837,4041118,102,,0,,POINT Z (344837.4451539429 4041118.0340997516 0)
